Workbook

Sheet M4-E3
A1: OBRA | C1: FECHA | D1: =+TODAY() -> 46318 | E1: FORMATO:CONTROL DE PLAN DE PROCURA DE OBRAS | K1: Codigo: 2026-09-PROCURA | N1: Versión:00 | P1: Fecha: | Q1: 16-09-26
A2: SUBCONTRATAS/PROVEEDORES/MATERIALES | B2: T. envío de info a Costos Obra | C2: Fecha de Envío info a Costos Obra Responsable:Proveedor / Subcontratista | D2: STATUS | E2: Tiempo elaboración cuadro comparativo (d) | F2: Fecha de envío de cuadro comparativo. Responsable: OBRA COSTOS | G2: STATUS | H2: Tiempo de negociación y aprobación de gerencia (d) | I2: Fecha de Selección de Subcontrata y/o proveedor | J2: STATUS | K2: SUBCONTRATA O PROVEEDOR SELECCIONADO | L2: Tiempo de generación de OS/OC (d) | M2: Fecha de firma de contrato | N2: STATUS | O2: Tiempo de preparación de inicio y/o importación (d) | P2: HITO DE LA OBRA | Q2: Inicio de ejecución
A3: SC Vigilancia de obra | B3: 15 | C3: =+F3-E3-B3 -> 46241 | D3: Cerrado | E3: 15 | F3: =+I3-H3 -> 46271 | G3: Cerrado | H3: 7 | I3: =+M3-L3 -> 46278 | J3: Cerrado | K3: ORELIA GROUP SOUTH AMERICAN SECURITY S.A.C. | L3: 7 | M3: =+Q3-O3 -> 46285 | N3: Cerrado | O3: 15 | P3: INICIO DE OBRA | Q3: 46300
A4: SC de Demolición | B4: 15 | C4: =+F4-E4-B4 -> 46213 | D4: Cerrado | E4: 15 | F4: =+I4-H4 -> 46243 | G4: Cerrado | H4: 7 | I4: =+M4-L4 -> 46250 | J4: Cerrado | K4: MAQUIJAL INGENIEROS S.A.C. | L4: 7 | M4: =+Q4-O4 -> 46257 | N4: Cerrado | O4: 15 | P4: INICIO DE OBRA | Q4: =VLOOKUP($A$1&"xx"&P4,HITOS!D:E,2,FALSE) -> 46272
A5: SC de Excavación y eliminación | B5: 15 | C5: =+F5-B5 -> 46228 | D5: Cerrado | E5: 15 | F5: =+I5-H5 -> 46243 | G5: Cerrado | H5: 7 | I5: =+M5-L5 -> 46250 | J5: Cerrado | K5: MAQUIJAL INGENIEROS S.A.C. | L5: 7 | M5: =+Q5-O5 -> 46257 | N5: Cerrado | O5: 15 | P5: INICIO DE OBRA | Q5: =VLOOKUP($A$1&"xx"&P5,HITOS!D:E,2,FALSE) -> 46272
A6: SC PILOTO 4.3 | C6: =+F6-B6 -> 46250 | D6: Cerrado | E6: 15 | F6: =+I6-H6 -> 46250 | G6: Cerrado | H6: 7 | I6: =+M6-L6 -> 46257 | J6: Cerrado | M6: =+Q6-O6 -> 46257 | N6: Cerrado | O6: 15 | P6: INICIO DE OBRA | Q6: =VLOOKUP($A$1&"xx"&P6,HITOS!D:E,2,FALSE) -> 46272
A7: SC Anclajes | B7: 15 | C7: =+F7-E7-B7 -> 46213 | D7: Cerrado | E7: 15 | F7: =+I7-H7 -> 46243 | G7: Cerrado | H7: 7 | I7: =+M7-L7 -> 46250 | J7: Cerrado | K7: BATALLA DE JUNIN | L7: 7 | M7: =+Q7-O7 -> 46257 | N7: Cerrado | O7: 15 | P7: INICIO DE OBRA | Q7: =VLOOKUP($A$1&"xx"&P7,HITOS!D:E,2,FALSE) -> 46272
A8: SC de Arriendo de Encofrado Modular (Muros Anclados) | B8: 15 | C8: =+F8-B8 -> 46228 | D8: Cerrado | E8: 15 | F8: =+I8-H8 -> 46243 | G8: Cerrado | H8: 7 | I8: =+M8-L8 -> 46250 | J8: Cerrado | K8: UNISPAN | L8: 7 | M8: =+Q8-O8 -> 46257 | N8: Cerrado | O8: 15 | P8: INICIO DE OBRA | Q8: =VLOOKUP($A$1&"xx"&P8,HITOS!D:E,2,FALSE) -> 46272
A9: SUMINISTRO de Acero | B9: 15 | C9: =+F9-B9 -> 46228 | D9: Cerrado | E9: 15 | F9: =+I9-H9 -> 46243 | G9: Cerrado | H9: 7 | I9: =+M9-L9 -> 46250 | J9: Cerrado | K9: INAKFERRO | L9: 7 | M9: =+Q9-O9 -> 46257 | N9: Cerrado | O9: 15 | P9: INICIO DE OBRA | Q9: =VLOOKUP($A$1&"xx"&P9,HITOS!D:E,2,FALSE) -> 46272
A10: SC de Torre Grua | B10: 15 | C10: =+F10-B10 -> 46228 | D10: Cerrado | E10: 15 | F10: =+I10-H10 -> 46243 | G10: Cerrado | H10: 7 | I10: =+M10-L10 -> 46250 | J10: Cerrado | K10: JM IZAJES Y TECNOLOGIA | L10: 7 | M10: =+Q10-O10 -> 46257 | N10: Cerrado | O10: 15 | P10: INICIO DE OBRA | Q10: =VLOOKUP($A$1&"xx"&P10,HITOS!D:E,2,FALSE) -> 46272
A11: SC de MO de Instalaciones Electricas | B11: 15 | C11: =+F11-B11 -> 46228 | D11: Cerrado | E11: 15 | F11: =+I11-H11 -> 46243 | G11: Cerrado | H11: 7 | I11: =+M11-L11 -> 46250 | J11: Cerrado | K11: DYJ | L11: 7 | M11: =+Q11-O11 -> 46257 | N11: Cerrado | O11: 15 | P11: INICIO DE OBRA | Q11: =VLOOKUP($A$1&"xx"&P11,HITOS!D:E,2,FALSE) -> 46272
A12: SC de MO de Instalaciones Sanitarias | B12: 15 | C12: =+F12-B12 -> 46228 | D12: Cerrado | E12: 15 | F12: =+I12-H12 -> 46243 | G12: Cerrado | H12: 7 | I12: =+M12-L12 -> 46250 | J12: Cerrado | K12: JM GERENCIA | L12: 7 | M12: =+Q12-O12 -> 46257 | N12: Cerrado | O12: 15 | P12: INICIO DE OBRA | Q12: =VLOOKUP($A$1&"xx"&P12,HITOS!D:E,2,FALSE) -> 46272
A13: Concreto premezclado | B13: 15 | C13: =+F13-B13 -> 46228 | D13: Pendiente | E13: 15 | F13: =+I13-H13 -> 46243 | G13: Pendiente | H13: 7 | I13: =+M13-L13 -> 46250 | J13: Pendiente | K13: UNACEM | L13: 7 | M13: =+Q13-O13 -> 46257 | N13: Pendiente | O13: 15 | P13: INICIO DE OBRA | Q13: =VLOOKUP($A$1&"xx"&P13,HITOS!D:E,2,FALSE) -> 46272
A14: Asensores (importación) | B14: 15 | C14: =+F14-B14 -> 46228 | D14: Pendiente | E14: 15 | F14: =+I14-H14 -> 46243 | G14: Pendiente | H14: 7 | I14: =+M14-L14 -> 46250 | J14: Pendiente | L14: 7 | M14: =+Q14-O14 -> 46257 | N14: Pendiente | O14: 15 | P14: INICIO DE OBRA | Q14: =VLOOKUP($A$1&"xx"&P14,HITOS!D:E,2,FALSE) -> 46272
A15: SC de ACI a todo costo | B15: 15 | C15: =+F15-B15 -> 46408 | D15: Pendiente | E15: 15 | F15: =+I15-H15 -> 46423 | G15: Pendiente | H15: 7 | I15: =+M15-L15 -> 46430 | J15: Pendiente | L15: 7 | M15: =+Q15-O15 -> 46437 | N15: Pendiente | O15: 15 | P15: =+HITOS!$B$19 -> FIN DE TORRE | Q15: =VLOOKUP($A$1&"xx"&P15,HITOS!D:E,2,FALSE) -> 46452
A16: SC de Arriendo de Encofrado Modular (Casco) | B16: 15 | C16: =+F16-B16 -> 46408 | D16: Pendiente | E16: 15 | F16: =+I16-H16 -> 46423 | G16: Pendiente | H16: 7 | I16: =+M16-L16 -> 46430 | J16: Pendiente | K16: UNISPAN | L16: 7 | M16: =+Q16-O16 -> 46437 | N16: Pendiente | O16: 15 | P16: =+HITOS!$B$19 -> FIN DE TORRE | Q16: =VLOOKUP($A$1&"xx"&P16,HITOS!D:E,2,FALSE) -> 46452
A17: SC Tabiquería a todo costo (Contratista 1) | B17: 15 | C17: =+F17-B17 -> 46347 | D17: Pendiente | E17: 15 | F17: =+I17-H17 -> 46362 | G17: Pendiente | H17: 7 | I17: =+M17-L17 -> 46369 | J17: Pendiente | L17: 7 | M17: =+Q17-O17 -> 46376 | N17: Pendiente | O17: 15 | P17: =HITOS!$B$20 -> ACABADOS HUMEDOS EN TORRE | Q17: =VLOOKUP($A$1&"xx"&P17,HITOS!D:E,2,FALSE) -> 46391
A18: SC Tabiquería a todo costo (Contratista 2) | B18: 15 | C18: =+F18-B18 -> 46347 | D18: Pendiente | E18: 15 | F18: =+I18-H18 -> 46362 | G18: Pendiente | H18: 7 | I18: =+M18-L18 -> 46369 | J18: Pendiente | L18: 7 | M18: =+Q18-O18 -> 46376 | N18: Pendiente | O18: 15 | P18: =HITOS!$B$20 -> ACABADOS HUMEDOS EN TORRE | Q18: =VLOOKUP($A$1&"xx"&P18,HITOS!D:E,2,FALSE) -> 46391
A19: SC Instalaciones de GAS a todo costo | B19: 15 | C19: =+F19-B19 -> 46347 | D19: Pendiente | E19: 15 | F19: =+I19-H19 -> 46362 | G19: Pendiente | H19: 7 | I19: =+M19-L19 -> 46369 | J19: Pendiente | L19: 7 | M19: =+Q19-O19 -> 46376 | N19: Pendiente | O19: 15 | P19: =HITOS!$B$20 -> ACABADOS HUMEDOS EN TORRE | Q19: =VLOOKUP($A$1&"xx"&P19,HITOS!D:E,2,FALSE) -> 46391
A20: SC Instalaciones Mecánicas a todo costo | B20: 15 | C20: =+F20-B20 -> 46261 | D20: Pendiente | E20: 15 | F20: =+I20-H20 -> 46276 | G20: Pendiente | H20: 7 | I20: =+M20-L20 -> 46283 | J20: Pendiente | L20: 7 | M20: =+Q20-O20 -> 46290 | N20: Pendiente | O20: 15 | P20: FIN DE MUROS ANCLADOS | Q20: =VLOOKUP($A$1&"xx"&P20,HITOS!D:E,2,FALSE) -> 46305
A21: SC Sistema de Presión Constante a todo costo | B21: 15 | C21: =+F21-B21 -> 46261 | D21: Pendiente | E21: 15 | F21: =+I21-H21 -> 46276 | G21: Pendiente | H21: 7 | I21: =+M21-L21 -> 46283 | J21: Pendiente | L21: 7 | M21: =+Q21-O21 -> 46290 | N21: Pendiente | O21: 15 | P21: FIN DE MUROS ANCLADOS | Q21: =VLOOKUP($A$1&"xx"&P21,HITOS!D:E,2,FALSE) -> 46305
A22: SC Bombas sumergibles para sumideros a todo costo | B22: 15 | C22: =+F22-B22 -> 46261 | D22: Pendiente | E22: 15 | F22: =+I22-H22 -> 46276 | G22: Pendiente | H22: 7 | I22: =+M22-L22 -> 46283 | J22: Pendiente | L22: 7 | M22: =+Q22-O22 -> 46290 | N22: Pendiente | O22: 15 | P22: FIN DE MUROS ANCLADOS | Q22: =VLOOKUP($A$1&"xx"&P22,HITOS!D:E,2,FALSE) -> 46305
A23: SC Bomba ACI y Jockey a todo costo | B23: 15 | C23: =+F23-B23 -> 46261 | D23: Pendiente | E23: 15 | F23: =+I23-H23 -> 46276 | G23: Pendiente | H23: 7 | I23: =+M23-L23 -> 46283 | J23: Pendiente | L23: 7 | M23: =+Q23-O23 -> 46290 | N23: Pendiente | O23: 15 | P23: FIN DE MUROS ANCLADOS | Q23: =VLOOKUP($A$1&"xx"&P23,HITOS!D:E,2,FALSE) -> 46305
A24: SC Ventanas y Mamparas Torre a todo costo (importación) | B24: 15 | C24: =+F24-B24 -> 46327 | D24: Pendiente | E24: 15 | F24: =+I24-H24 -> 46342 | G24: Pendiente | H24: 7 | I24: =+M24-L24 -> 46349 | J24: Pendiente | L24: 7 | M24: =+Q24-O24 -> 46356 | N24: Pendiente | O24: 15 | P24: =HITOS!$B$21 -> ACABADOS SECOS EN TORRE | Q24: =VLOOKUP($A$1&"xx"&P24,HITOS!D:E,2,FALSE) -> 46371
A25: SC Carpintería Metálica DEPARTAMENTOS a todo costo | B25: 15 | C25: =+F25-B25 -> 46327 | D25: Pendiente | E25: 15 | F25: =+I25-H25 -> 46342 | G25: Pendiente | H25: 7 | I25: =+M25-L25 -> 46349 | J25: Pendiente | L25: 7 | M25: =+Q25-O25 -> 46356 | N25: Pendiente | O25: 15 | P25: =HITOS!$B$21 -> ACABADOS SECOS EN TORRE | Q25: =VLOOKUP($A$1&"xx"&P25,HITOS!D:E,2,FALSE) -> 46371
A26: SC Carpintería Metálica SOTANOS a todo costo | B26: 15 | C26: =+F26-B26 -> 46327 | D26: Pendiente | E26: 15 | F26: =+I26-H26 -> 46342 | G26: Pendiente | H26: 7 | I26: =+M26-L26 -> 46349 | J26: Pendiente | L26: 7 | M26: =+Q26-O26 -> 46356 | N26: Pendiente | O26: 15 | P26: =HITOS!$B$21 -> ACABADOS SECOS EN TORRE | Q26: =VLOOKUP($A$1&"xx"&P26,HITOS!D:E,2,FALSE) -> 46371
A27: SC Carpintería Metálica AREAS COMUNES a todo costo | B27: 15 | C27: =+F27-B27 -> 46327 | D27: Pendiente | E27: 15 | F27: =+I27-H27 -> 46342 | G27: Pendiente | H27: 7 | I27: =+M27-L27 -> 46349 | J27: Pendiente | L27: 7 | M27: =+Q27-O27 -> 46356 | N27: Pendiente | O27: 15 | P27: =HITOS!$B$21 -> ACABADOS SECOS EN TORRE | Q27: =VLOOKUP($A$1&"xx"&P27,HITOS!D:E,2,FALSE) -> 46371
A28: SC Mallas Anticaídas a todo costo | B28: 15 | C28: =+F28-B28 -> 46327 | D28: Pendiente | E28: 15 | F28: =+I28-H28 -> 46342 | G28: Pendiente | H28: 7 | I28: =+M28-L28 -> 46349 | J28: Pendiente | L28: 7 | M28: =+Q28-O28 -> 46356 | N28: Pendiente | O28: 15 | P28: =HITOS!$B$21 -> ACABADOS SECOS EN TORRE | Q28: =VLOOKUP($A$1&"xx"&P28,HITOS!D:E,2,FALSE) -> 46371
A29: SC Encapsulado a todo costo | B29: 15 | C29: =+F29-B29 -> 46327 | D29: Pendiente | E29: 15 | F29: =+I29-H29 -> 46342 | G29: Pendiente | H29: 7 | I29: =+M29-L29 -> 46349 | J29: Pendiente | L29: 7 | M29: =+Q29-O29 -> 46356 | N29: Pendiente | O29: 15 | P29: =HITOS!$B$21 -> ACABADOS SECOS EN TORRE | Q29: =VLOOKUP($A$1&"xx"&P29,HITOS!D:E,2,FALSE) -> 46371
A30: SUMINISTRO de Tableros EMPOTRADOS | B30: 15 | C30: =+F30-B30 -> 46327 | D30: Pendiente | E30: 15 | F30: =+I30-H30 -> 46342 | G30: Pendiente | H30: 7 | I30: =+M30-L30 -> 46349 | J30: Pendiente | L30: 7 | M30: =+Q30-O30 -> 46356 | N30: Pendiente | O30: 15 | P30: =HITOS!$B$21 -> ACABADOS SECOS EN TORRE | Q30: =VLOOKUP($A$1&"xx"&P30,HITOS!D:E,2,FALSE) -> 46371
A31: SUMINISTRO DE ENCHAPE mano de obra | B31: 15 | C31: =+F31-B31 -> 46327 | D31: Pendiente | E31: 15 | F31: =+I31-H31 -> 46342 | G31: Pendiente | H31: 7 | I31: =+M31-L31 -> 46349 | J31: Pendiente | L31: 7 | M31: =+Q31-O31 -> 46356 | N31: Pendiente | O31: 15 | P31: =HITOS!$B$21 -> ACABADOS SECOS EN TORRE | Q31: =VLOOKUP($A$1&"xx"&P31,HITOS!D:E,2,FALSE) -> 46371
A32: SC Nivelacion de pisos y contrapisos. | B32: 15 | C32: =+F32-B32 -> 46327 | D32: Pendiente | E32: 15 | F32: =+I32-H32 -> 46342 | G32: Pendiente | H32: 7 | I32: =+M32-L32 -> 46349 | J32: Pendiente | L32: 7 | M32: =+Q32-O32 -> 46356 | N32: Pendiente | O32: 15 | P32: =HITOS!$B$21 -> ACABADOS SECOS EN TORRE | Q32: =VLOOKUP($A$1&"xx"&P32,HITOS!D:E,2,FALSE) -> 46371
A33: SC ENCHAPE mano de obra | B33: 15 | C33: =+F33-B33 -> 46327 | D33: Pendiente | E33: 15 | F33: =+I33-H33 -> 46342 | G33: Pendiente | H33: 7 | I33: =+M33-L33 -> 46349 | J33: Pendiente | L33: 7 | M33: =+Q33-O33 -> 46356 | N33: Pendiente | O33: 15 | P33: =HITOS!$B$21 -> ACABADOS SECOS EN TORRE | Q33: =VLOOKUP($A$1&"xx"&P33,HITOS!D:E,2,FALSE) -> 46371
A34: SC SISTEMA FOTOVOLTAICO a todo costo | B34: 15 | C34: =+F34-B34 -> 46327 | D34: Pendiente | E34: 15 | F34: =+I34-H34 -> 46342 | G34: Pendiente | H34: 7 | I34: =+M34-L34 -> 46349 | J34: Pendiente | L34: 7 | M34: =+Q34-O34 -> 46356 | N34: Pendiente | O34: 15 | P34: =HITOS!$B$21 -> ACABADOS SECOS EN TORRE | Q34: =VLOOKUP($A$1&"xx"&P34,HITOS!D:E,2,FALSE) -> 46371
A35: SC IMPERMEABILIZACION de Cisternas a todo costo | B35: 15 | C35: =+F35-B35 -> 46327 | D35: Pendiente | E35: 15 | F35: =+I35-H35 -> 46342 | G35: Pendiente | H35: 7 | I35: =+M35-L35 -> 46349 | J35: Pendiente | L35: 7 | M35: =+Q35-O35 -> 46356 | N35: Pendiente | O35: 15 | P35: =HITOS!$B$21 -> ACABADOS SECOS EN TORRE | Q35: =VLOOKUP($A$1&"xx"&P35,HITOS!D:E,2,FALSE) -> 46371
... A37: SC PINTURA DE TRÁFICO a todo costo | B37: 15 | C37: =+F37-B37 -> 46327 | D37: Pendiente | E37: 15 | F37: =+I37-H37 -> 46342 | G37: Pendiente | H37: 7 | I37: =+M37-L37 -> 46349 | J37: Pendiente | L37: 7 | M37: =+Q37-O37 -> 46356 | N37: Pendiente | O37: 15 | P37: =HITOS!$B$21 -> ACABADOS SECOS EN TORRE | Q37: =VLOOKUP($A$1&"xx"&P37,HITOS!D:E,2,FALSE) -> 46371
A38: SC Sellos Cortafuego a todo costo | B38: 15 | C38: =+F38-B38 -> 46711 | D38: Pendiente | E38: 15 | F38: =+I38-H38 -> 46726 | G38: Pendiente | H38: 7 | I38: =+M38-L38 -> 46733 | J38: Pendiente | L38: 7 | M38: =+Q38-O38 -> 46740 | N38: Pendiente | O38: 15 | P38: =HITOS!$B$22 -> ENTREGA DE DPTOS TORRE 3 | Q38: =VLOOKUP($A$1&"xx"&P38,HITOS!D:E,2,FALSE) -> 46755
A39: SC LIMPIEZA Y DESINFECCION de Cisternas | B39: 15 | C39: =+F39-B39 -> 46711 | D39: Pendiente | E39: 15 | F39: =+I39-H39 -> 46726 | G39: Pendiente | H39: 7 | I39: =+M39-L39 -> 46733 | J39: Pendiente | L39: 7 | M39: =+Q39-O39 -> 46740 | N39: Pendiente | O39: 15 | P39: =HITOS!$B$22 -> ENTREGA DE DPTOS TORRE 3 | Q39: =VLOOKUP($A$1&"xx"&P39,HITOS!D:E,2,FALSE) -> 46755
A40: SUMINISTRO de Tableros ADOSADOS | B40: 15 | C40: =+F40-B40 -> 46711 | D40: Pendiente | E40: 15 | F40: =+I40-H40 -> 46726 | G40: Pendiente | H40: 7 | I40: =+M40-L40 -> 46733 | J40: Pendiente | L40: 7 | M40: =+Q40-O40 -> 46740 | N40: Pendiente | O40: 15 | P40: =HITOS!$B$22 -> ENTREGA DE DPTOS TORRE 3 | Q40: =VLOOKUP($A$1&"xx"&P40,HITOS!D:E,2,FALSE) -> 46755
A41: SC PINTURA INTERIOR a todo costo | B41: 15 | C41: =+F41-B41 -> 46711 | D41: Pendiente | E41: 15 | F41: =+I41-H41 -> 46726 | G41: Pendiente | H41: 7 | I41: =+M41-L41 -> 46733 | J41: Pendiente | L41: 7 | M41: =+Q41-O41 -> 46740 | N41: Pendiente | O41: 15 | P41: =HITOS!$B$22 -> ENTREGA DE DPTOS TORRE 3 | Q41: =VLOOKUP($A$1&"xx"&P41,HITOS!D:E,2,FALSE) -> 46755
A42: SC DRYWALL a todo costo | B42: 15 | C42: =+F42-B42 -> 46711 | D42: Pendiente | E42: 15 | F42: =+I42-H42 -> 46726 | G42: Pendiente | H42: 7 | I42: =+M42-L42 -> 46733 | J42: Pendiente | L42: 7 | M42: =+Q42-O42 -> 46740 | N42: Pendiente | O42: 15 | P42: =HITOS!$B$22 -> ENTREGA DE DPTOS TORRE 3 | Q42: =VLOOKUP($A$1&"xx"&P42,HITOS!D:E,2,FALSE) -> 46755
A43: SUMINISTRO de Puertas de Madera | B43: 15 | C43: =+F43-B43 -> 46711 | D43: Pendiente | E43: 15 | F43: =+I43-H43 -> 46726 | G43: Pendiente | H43: 7 | I43: =+M43-L43 -> 46733 | J43: Pendiente | L43: 7 | M43: =+Q43-O43 -> 46740 | N43: Pendiente | O43: 15 | P43: =HITOS!$B$22 -> ENTREGA DE DPTOS TORRE 3 | Q43: =VLOOKUP($A$1&"xx"&P43,HITOS!D:E,2,FALSE) -> 46755
A44: SUMINISTRO de Puertas Cortafuegos | B44: 15 | C44: =+F44-B44 -> 46711 | D44: Pendiente | E44: 15 | F44: =+I44-H44 -> 46726 | G44: Pendiente | H44: 7 | I44: =+M44-L44 -> 46733 | J44: Pendiente | L44: 7 | M44: =+Q44-O44 -> 46740 | N44: Pendiente | O44: 15 | P44: =HITOS!$B$22 -> ENTREGA DE DPTOS TORRE 3 | Q44: =VLOOKUP($A$1&"xx"&P44,HITOS!D:E,2,FALSE) -> 46755
A45: SC INSTALACION de Puertas de Madera | B45: 15 | C45: =+F45-B45 -> #REF! | D45: Pendiente | E45: 15 | F45: =+I45-H45 -> #REF! | G45: Pendiente | H45: 7 | I45: =+M45-L45 -> #REF! | J45: Pendiente | L45: 7 | M45: =+Q45-O45 -> #REF! | N45: Pendiente | O45: 15 | P45: =HITOS!#REF! -> #REF! | Q45: =VLOOKUP($A$1&"xx"&P45,HITOS!D:E,2,FALSE) -> #REF!
A46: SC PINTURA EXTERIOR a todo costo | B46: 15 | C46: =+F46-B46 -> #REF! | D46: Pendiente | E46: 15 | F46: =+I46-H46 -> #REF! | G46: Pendiente | H46: 7 | I46: =+M46-L46 -> #REF! | J46: Pendiente | L46: 7 | M46: =+Q46-O46 -> #REF! | N46: Pendiente | O46: 15 | P46: =HITOS!#REF! -> #REF! | Q46: =VLOOKUP($A$1&"xx"&P46,HITOS!D:E,2,FALSE) -> #REF!
A47: SUMINISTRO DE PISO LAMINADO | B47: 15 | C47: =+F47-B47 -> #REF! | D47: Pendiente | E47: 15 | F47: =+I47-H47 -> #REF! | G47: Pendiente | H47: 7 | I47: =+M47-L47 -> #REF! | J47: Pendiente | L47: 7 | M47: =+Q47-O47 -> #REF! | N47: Pendiente | O47: 15 | P47: =HITOS!#REF! -> #REF! | Q47: =VLOOKUP($A$1&"xx"&P47,HITOS!D:E,2,FALSE) -> #REF!
A48: SUMINISTRO DE Tapajunta Metálica | B48: 15 | C48: =+F48-B48 -> #REF! | D48: Pendiente | E48: 15 | F48: =+I48-H48 -> #REF! | G48: Pendiente | H48: 7 | I48: =+M48-L48 -> #REF! | J48: Pendiente | L48: 7 | M48: =+Q48-O48 -> #REF! | N48: Pendiente | O48: 15 | P48: =HITOS!#REF! -> #REF! | Q48: =VLOOKUP($A$1&"xx"&P48,HITOS!D:E,2,FALSE) -> #REF!
A49: SC INSTALACION DE PISO LAMINADO | B49: 15 | C49: =+F49-B49 -> #REF! | D49: Pendiente | E49: 15 | F49: =+I49-H49 -> #REF! | G49: Pendiente | H49: 7 | I49: =+M49-L49 -> #REF! | J49: Pendiente | L49: 7 | M49: =+Q49-O49 -> #REF! | N49: Pendiente | O49: 15 | P49: =HITOS!#REF! -> #REF! | Q49: =VLOOKUP($A$1&"xx"&P49,HITOS!D:E,2,FALSE) -> #REF!
A50: SC Muebles cocina a todo costo | B50: 15 | C50: =+F50-B50 -> #REF! | D50: Pendiente | E50: 15 | F50: =+I50-H50 -> #REF! | G50: Pendiente | H50: 7 | I50: =+M50-L50 -> #REF! | J50: Pendiente | L50: 7 | M50: =+Q50-O50 -> #REF! | N50: Pendiente | O50: 15 | P50: =HITOS!#REF! -> #REF! | Q50: =VLOOKUP($A$1&"xx"&P50,HITOS!D:E,2,FALSE) -> #REF!
A51: SC Tableros de cocina a todo costo (importación) | B51: 15 | C51: =+F51-B51 -> #REF! | D51: Pendiente | E51: 15 | F51: =+I51-H51 -> #REF! | G51: Pendiente | H51: 7 | I51: =+M51-L51 -> #REF! | J51: Pendiente | L51: 7 | M51: =+Q51-O51 -> #REF! | N51: Pendiente | O51: 15 | P51: =HITOS!#REF! -> #REF! | Q51: =VLOOKUP($A$1&"xx"&P51,HITOS!D:E,2,FALSE) -> #REF!
A52: SC Tableros de Baño a todo costo (importación) | B52: 15 | C52: =+F52-B52 -> #REF! | D52: Pendiente | E52: 15 | F52: =+I52-H52 -> #REF! | G52: Pendiente | H52: 7 | I52: =+M52-L52 -> #REF! | J52: Pendiente | L52: 7 | M52: =+Q52-O52 -> #REF! | N52: Pendiente | O52: 15 | P52: =HITOS!#REF! -> #REF! | Q52: =VLOOKUP($A$1&"xx"&P52,HITOS!D:E,2,FALSE) -> #REF!
A53: SC Puertas de melamina en ductos a todo costo | B53: 15 | C53: =+F53-B53 -> #REF! | D53: Pendiente | E53: 15 | F53: =+I53-H53 -> #REF! | G53: Pendiente | H53: 7 | I53: =+M53-L53 -> #REF! | J53: Pendiente | L53: 7 | M53: =+Q53-O53 -> #REF! | N53: Pendiente | O53: 15 | P53: =HITOS!#REF! -> #REF! | Q53: =VLOOKUP($A$1&"xx"&P53,HITOS!D:E,2,FALSE) -> #REF!
A54: SUMINISTRO de Placas eléctricas | B54: 15 | C54: =+F54-B54 -> #REF! | D54: Pendiente | E54: 15 | F54: =+I54-H54 -> #REF! | G54: Pendiente | H54: 7 | I54: =+M54-L54 -> #REF! | J54: Pendiente | L54: 7 | M54: =+Q54-O54 -> #REF! | N54: Pendiente | O54: 15 | P54: =HITOS!#REF! -> #REF! | Q54: =VLOOKUP($A$1&"xx"&P54,HITOS!D:E,2,FALSE) -> #REF!
A55: SC Impermeabilización de jardineras | B55: 15 | C55: =+F55-B55 -> #REF! | D55: Pendiente | E55: 15 | F55: =+I55-H55 -> #REF! | G55: Pendiente | H55: 7 | I55: =+M55-L55 -> #REF! | J55: Pendiente | L55: 7 | M55: =+Q55-O55 -> #REF! | N55: Pendiente | O55: 15 | P55: =+HITOS!#REF! -> #REF! | Q55: =VLOOKUP($A$1&"xx"&P55,HITOS!D:E,2,FALSE) -> #REF!
A56: SC Sistema DACI a todo costo | B56: 15 | C56: =+F56-B56 -> #REF! | D56: Pendiente | E56: 15 | F56: =+I56-H56 -> #REF! | G56: Pendiente | H56: 7 | I56: =+M56-L56 -> #REF! | J56: Pendiente | L56: 7 | M56: =+Q56-O56 -> #REF! | N56: Pendiente | O56: 15 | P56: =+HITOS!#REF! -> #REF! | Q56: =VLOOKUP($A$1&"xx"&P56,HITOS!D:E,2,FALSE) -> #REF!
A57: SC Sistema CCTV y COMUNICACIONES a todo costo | B57: 15 | C57: =+F57-B57 -> #REF! | D57: Pendiente | E57: 15 | F57: =+I57-H57 -> #REF! | G57: Pendiente | H57: 7 | I57: =+M57-L57 -> #REF! | J57: Pendiente | L57: 7 | M57: =+Q57-O57 -> #REF! | N57: Pendiente | O57: 15 | P57: =+HITOS!#REF! -> #REF! | Q57: =VLOOKUP($A$1&"xx"&P57,HITOS!D:E,2,FALSE) -> #REF!
A58: SC JUNTA METÁLICA | B58: 15 | C58: =+F58-B58 -> #REF! | D58: Pendiente | E58: 15 | F58: =+I58-H58 -> #REF! | G58: Pendiente | H58: 7 | I58: =+M58-L58 -> #REF! | J58: Pendiente | L58: 7 | M58: =+Q58-O58 -> #REF! | N58: Pendiente | O58: 15 | P58: =+HITOS!#REF! -> #REF! | Q58: =VLOOKUP($A$1&"xx"&P58,HITOS!D:E,2,FALSE) -> #REF!
A59: SC IMPLEMENTACION de Areas Comunes a todo costo | B59: 15 | C59: =+F59-B59 -> #REF! | D59: Pendiente | E59: 15 | F59: =+I59-H59 -> #REF! | G59: Pendiente | H59: 7 | I59: =+M59-L59 -> #REF! | J59: Pendiente | L59: 7 | M59: =+Q59-O59 -> #REF! | N59: Pendiente | O59: 15 | P59: =+HITOS!#REF! -> #REF! | Q59: =VLOOKUP($A$1&"xx"&P59,HITOS!D:E,2,FALSE) -> #REF!
A60: SC PAISAJISMO a todo costo | B60: 15 | C60: =+F60-B60 -> #REF! | D60: Pendiente | E60: 15 | F60: =+I60-H60 -> #REF! | G60: Pendiente | H60: 7 | I60: =+M60-L60 -> #REF! | J60: Pendiente | L60: 7 | M60: =+Q60-O60 -> #REF! | N60: Pendiente | O60: 15 | P60: =+HITOS!#REF! -> #REF! | Q60: =VLOOKUP($A$1&"xx"&P60,HITOS!D:E,2,FALSE) -> #REF!
A61: SC SUMINISTRO DE LUMINARIA EN SOTANOS Y TORRE | B61: 15 | C61: =+F61-B61 -> #REF! | D61: Pendiente | E61: 15 | F61: =+I61-H61 -> #REF! | G61: Pendiente | H61: 7 | I61: =+M61-L61 -> #REF! | J61: Pendiente | L61: 7 | M61: =+Q61-O61 -> #REF! | N61: Pendiente | O61: 15 | P61: =+HITOS!#REF! -> #REF! | Q61: =VLOOKUP($A$1&"xx"&P61,HITOS!D:E,2,FALSE) -> #REF!
A62: SC SUMINISTRO E INST. DE PUERTA VEHICULAR a todo costo | B62: 15 | C62: =+F62-B62 -> 46711 | D62: Pendiente | E62: 15 | F62: =+I62-H62 -> 46726 | G62: Pendiente | H62: 7 | I62: =+M62-L62 -> 46733 | J62: Pendiente | L62: 7 | M62: =+Q62-O62 -> 46740 | N62: Pendiente | O62: 15 | P62: ENTREGA DE DPTOS TORRE 3 | Q62: =VLOOKUP($A$1&"xx"&P62,HITOS!D:E,2,FALSE) -> 46755
A63: SC LIMPIEZA FINA Y GRUESA a todo costo | B63: 15 | C63: =+F63-B63 -> 46711 | D63: Pendiente | E63: 15 | F63: =+I63-H63 -> 46726 | G63: Pendiente | H63: 7 | I63: =+M63-L63 -> 46733 | J63: Pendiente | L63: 7 | M63: =+Q63-O63 -> 46740 | N63: Pendiente | O63: 15 | P63: ENTREGA DE DPTOS TORRE 3 | Q63: =VLOOKUP($A$1&"xx"&P63,HITOS!D:E,2,FALSE) -> 46755
A64: SUMINISTRO E INSTALACION DE SEÑALETICA | B64: 15 | C64: =+F64-B64 -> 46711 | D64: Pendiente | E64: 15 | F64: =+I64-H64 -> 46726 | G64: Pendiente | H64: 7 | I64: =+M64-L64 -> 46733 | J64: Pendiente | L64: 7 | M64: =+Q64-O64 -> 46740 | N64: Pendiente | O64: 15 | P64: ENTREGA DE DPTOS TORRE 3 | Q64: =VLOOKUP($A$1&"xx"&P64,HITOS!D:E,2,FALSE) -> 46755
A65: SUMINISTRO E INSTALACION DE LAVASECA | B65: 15 | C65: =+F65-B65 -> 46711 | D65: Pendiente | E65: 15 | F65: =+I65-H65 -> 46726 | G65: Pendiente | H65: 7 | I65: =+M65-L65 -> 46733 | J65: Pendiente | L65: 7 | M65: =+Q65-O65 -> 46740 | N65: Pendiente | O65: 15 | P65: ENTREGA DE DPTOS TORRE 3 | Q65: =VLOOKUP($A$1&"xx"&P65,HITOS!D:E,2,FALSE) -> 46755
A66: SUMINISTRO E INSTALACION DE PARRILLA DE INOX | B66: 15 | C66: =+F66-B66 -> 46711 | D66: Pendiente | E66: 15 | F66: =+I66-H66 -> 46726 | G66: Pendiente | H66: 7 | I66: =+M66-L66 -> 46733 | J66: Pendiente | L66: 7 | M66: =+Q66-O66 -> 46740 | N66: Pendiente | O66: 15 | P66: ENTREGA DE DPTOS TORRE 3 | Q66: =VLOOKUP($A$1&"xx"&P66,HITOS!D:E,2,FALSE) -> 46755
A67: SUMINISTRO E INSTALACION DE GRUPO ELECTRÓGENO | B67: 15 | C67: =+F67-B67 -> 46711 | D67: Pendiente | E67: 15 | F67: =+I67-H67 -> 46726 | G67: Pendiente | H67: 7 | I67: =+M67-L67 -> 46733 | J67: Pendiente | L67: 7 | M67: =+Q67-O67 -> 46740 | N67: Pendiente | O67: 15 | P67: ENTREGA DE DPTOS TORRE 3 | Q67: =VLOOKUP($A$1&"xx"&P67,HITOS!D:E,2,FALSE) -> 46755
G76: LEYENDA

Sheet Comparo
A2: obra 3 | B2: obra 4 | C2: obra 5 | D2: Mambo 4.3 | E2: Mambo 6.1 | F2: Mambo 5.2 | G2: Mambo 5.2
A3: SC de Demolición | B3: SC de Demolición | C3: SC de Demolición | D3: SC Vigilancia de obra | E3: SC Vigilancia de obra | F3: SC de Demolición (NO ES ALCANCE DE 5.2) | G3: SC de Excavación y eliminación
A4: SC de Excavación y eliminación | B4: SC de Excavación y eliminación | C4: SC de Excavación y eliminación | D4: SC de Demolición | E4: SC de Demolición | F4: SC de Excavación y eliminación | G4: SC de Torre Grua
A5: SC de Topografia | B5: SC de Topografia | C5: SC de Topografia | D5: SC de Excavación y eliminación | E5: SC de Excavación y eliminación | F5: SC de Topografia (LO EJECUTA CASA) | G5: SC de Instalaciones Electricas
A6: SC de Torre Grua | B6: SC de Torre Grua | C6: SC de Torre Grua | D6: SC PILOTO 4.3 | E6: SC PILOTO 6.1 | F6: SC de Torre Grua | G6: SC de Instalaciones Sanitarias
A7: SC de Anclajes | B7: SC de Anclajes | C7: SC de Anclajes | D7: SC de Torre Grua | E7: SC Anclajes | F7: SC de Anclajes (ALCANCE 5.1) | G7: SC de ACI
A8: SC de Acero | B8: SC de Acero | C8: SC de Acero | D8: SC de Anclajes | E8: SC de Arriendo de Encofrado Modular (Muros Anclados) | F8: SC de Acero (LO EJECUTA CASA) | G8: SC de Instalacion de GN
A9: SC de Encofrado | B9: SC de Encofrado | C9: SC de Encofrado | D9: Suministro de Acero | E9: SUMINISTRO de Acero | F9: SC de Encofrado | G9: Acero corrugado
A10: SC de Instalaciones Electricas | B10: SC de Instalaciones Electricas | C10: SC de Instalaciones Electricas | D10: SC de Arriendo de Encofrado Modular | E10: SC de Torre Grua | F10: SC de Instalaciones Electricas | G10: SC de Encofrado
A11: Concreto premezclado | B11: Concreto premezclado | C11: Concreto premezclado | D11: SC de MO de Instalaciones Electricas | E11: SC de MO de Instalaciones Electricas | F11: Concreto premezclado | G11: Concreto premezclado
A12: Acero corrugado | B12: Acero corrugado | C12: Acero corrugado | D12: SC de MO de Instalaciones Sanitarias | E12: SC de MO de Instalaciones Sanitarias | F12: Acero corrugado | G12: Asensores (importación)
A13: Ascensores (importación) | B13: Asensores (importación) | C13: Asensores (importación) | D13: Concreto premezclado | E13: Supervisor de concreto | F13: Asensores (importación) | G13: SC Ascensor(MO)
... A51: SC Puertas Ducto Montantes | B51: SC Ventanas y Mamparas Torre (Importación) | C51: SC Mampara Lobby | D51: SUMINISTRO de Placas eléctricas | E51: SUMINISTRO DE Tapajunta Metálica | F51: Piso SPC (importación) | G51: SC Drywall
A52: SC Puertas Corta Fuego | B52: Piso SPC (importación) | C52: SC Puertas Ducto Montantes | D52: SC Impermeabilización de jardineras | E52: SC INSTALACION DE PISO LAMINADO | F52: SC Mampara Lobby (ALCANDE DE 5.1)
A53: SC Ascensor(MO) | B53: SC Mampara Lobby | C53: SC Puertas Corta Fuego | D53: SC Sistema DACI a todo costo | E53: SC Muebles cocina a todo costo | F53: SC Puertas Ducto Montantes (Puertas de Melamine)
A54: Piso SPC (importación) | B54: SC Puertas Ducto Montantes | C54: SC Ascensor(MO) | D54: SC Sistema CCTV y COMUNICACIONES a todo costo | E54: SC Tableros de cocina a todo costo (importación) | F54: SC Puertas Corta Fuego
A55: SC Pisos SPC (MO) | B55: SC Puertas Corta Fuego | C55: SC Pisos SPC (MO) | D55: SC JUNTA METÁLICA | E55: SC Tableros de Baño a todo costo (importación) | F55: SC Ascensor(MO)
A56: SC Ladrillo Rococho | B56: SC Ascensor(MO) | C56: SC Ladrillo Rococho | D56: SC IMPLEMENTACION de Areas Comunes a todo costo | E56: SC Puertas de melamina en ductos a todo costo | F56: SC Pisos SPC (MO)
A57: SC Concreto expuesto | B57: Ascensor de Vehiculos | C57: SC Concreto expuesto | D57: SC PAISAJISMO a todo costo | E57: SUMINISTRO de Placas eléctricas | F57: SC Ladrillo Rococho
A58: SC de Central de Alarma Contra incendio(equipamiento) | B58: SC Pisos SPC (MO) | C58: SC de Vigas Metálicas Decorativas | D58: SC SUMINISTRO DE LUMINARIA EN SOTANOS Y TORRE | E58: SC Impermeabilización de jardineras | F58: SC Concreto expuesto
A59: SC de Intercomunicadores | B59: SC MICROCEMENTO | C59: SC de Central de Alarma Contra incendio(equipamiento) | D59: SC SUMINISTRO E INST. DE PUERTA VEHICULAR a todo costo | E59: SC Sistema DACI a todo costo | F59: SC de Central de Alarma Contra incendio(equipamiento)
A60: SC Domótica (redes y equipamiento) | B60: Grupo electrógeno para Propietarios. | C60: SC de Intercomunicadores | D60: SC LIMPIEZA FINA Y GRUESA a todo costo | E60: SC Sistema CCTV y COMUNICACIONES a todo costo | F60: SC de Intercomunicadores
A61: CCTV (redes) | B61: SC de Central de Alarma Contra incendio(equipamiento) | C61: SC Domótica (redes y equipamiento) | D61: SUMINISTRO E INSTALACION DE SEÑALETICA | E61: SC JUNTA METÁLICA | F61: SC Domótica (redes y equipamiento) (NO ES ALCANCE DE 5.2)
A62: CCTV (Equipamiento) | B62: SC de Intercomunicadores | C62: CCTV (redes) | D62: SUMINISTRO E INSTALACION DE LAVASECA | E62: SC IMPLEMENTACION de Areas Comunes a todo costo | F62: CCTV (redes)
A63: SC de Paneles Fotovoltaicos | B63: SC Domótica (redes y equipamiento) | C63: CCTV (Equipamiento) | D63: SUMINISTRO E INSTALACION DE PARRILLA DE INOX | E63: SC PAISAJISMO a todo costo | F63: CCTV (Equipamiento)
A64: SC Impermeabilización Jardineras | B64: CCTV (redes) | C64: SC de Paneles Fotovoltaicos | E64: SC SUMINISTRO DE LUMINARIA EN SOTANOS Y TORRE | F64: SC de Paneles Fotovoltaicos (NO ES ALCANCE DE 5.2)
A65: SC Áreas Verdes | B65: CCTV (Equipamiento) | C65: SC Impermeabilización Jardineras | E65: SC SUMINISTRO E INST. DE PUERTA VEHICULAR a todo costo | F65: SC Impermeabilización Jardineras
A66: SC Mueble Counter | B66: SC Impermeabilización Jardineras | C66: SC Áreas Verdes | E66: SC LIMPIEZA FINA Y GRUESA a todo costo | F66: SC Áreas Verdes
A67: SC Puerta de cochera | B67: SC Áreas Verdes | C67: SC Mueble Counter | E67: SUMINISTRO E INSTALACION DE SEÑALETICA | F67: SC Mueble Counter (NO ES ALCANCE DE 5.2)
A68: Luminarias Sótanos | B68: SC Mueble Counter | C68: SC Puerta de cochera | E68: SUMINISTRO E INSTALACION DE LAVASECA | F68: SC Puerta de cochera (NO ES ALCANCE DE 5.2)
A69: Luminaria Área Común | B69: SC Puerta de cochera | C69: Luminarias Sótanos | E69: SUMINISTRO E INSTALACION DE PARRILLA DE INOX | F69: Luminarias Sótanos
A70: SC Pintura Trafico | B70: Acabado WPC y HPL | C70: Luminaria Área Común | E70: SUMINISTRO E INSTALACION DE GRUPO ELECTRÓGENO | F70: Luminaria Área Común
B71: Sellos Cortafuego | C71: SC Pintura Trafico | F71: SC Pintura Trafico
B72: Luminarias Sótanos | C72: CS Limpieza fina
B73: Luminaria Área Común | C73: SC Tope llantas
B74: Acabados para lobby | C74: SC Señaletica
B75: Acabados para terraza | C75: SC Esquineros
B76: Acabados para sala de niños | C76: SC Acabados lobby
B77: Acabados para gymnacio | C77: SC Obras Exteriores
B78: Acabados sala bar | C78: SC de techo ducto
B79: Numeracion Dptos, y areas comunes
B80: Esquineros, Topellantas, espejos convexos.
B81: Cerco de Seguridad foto electrico
B82: Limpieza fina
B83: berma y Vereda
B84: SC Pintura Trafico
A88: INICIO DE OBRA
A89: FIN MUROS ANCLADOS
A90: FIN DE SÓTANOS Y CISTERNAS
A91: TORRE PISO 10
A92: FIN DE TORRE
A93: ACABADOS HÚMEDOS
A94: ACABADOS SECOS

Sheet HITOS
B2: Fechas Hito para el cumplimiento del Plan de Procura | G2: 17 PISOS + 1 AZOTEA + 1 SOTANO (2 PIT ASCENSOR)
A4: Obra | B4: Fases de la Obra | C4: Fecha | E4: Fecha | F4: Observación
A5: OBRA 1 | B5: INICIO DE OBRA | D5: =A5&"xx"&B5 -> OBRA 1xxINICIO DE OBRA | E5: =C5 -> 0
A7: OBRA 1 | B7: FIN MUROS ANCLADOS | D7: =A7&"xx"&B7 -> OBRA 1xxFIN MUROS ANCLADOS | E7: =C7 -> 0
A8: OBRA 1 | B8: FIN DE SÓTANOS Y CISTERNA | D8: =A8&"xx"&B8 -> OBRA 1xxFIN DE SÓTANOS Y CISTERNA | E8: =C8 -> 0
A9: OBRA 1 | B9: TORRE PISO 10 | D9: =A9&"xx"&B9 -> OBRA 1xxTORRE PISO 10 | E9: =C9 -> 0
A10: OBRA 1 | B10: FIN DE TORRE | D10: =A10&"xx"&B10 -> OBRA 1xxFIN DE TORRE | E10: =C10 -> 0
A11: OBRA 1 | B11: ACABADOS HÚMEDOS | D11: =A11&"xx"&B11 -> OBRA 1xxACABADOS HÚMEDOS | E11: =C11 -> 0
A12: OBRA 1 | B12: ACABADOS SECOS | D12: =A12&"xx"&B12 -> OBRA 1xxACABADOS SECOS | E12: =C12 -> 0
A14: Obra | B14: Fases de la Obra | C14: Fecha | E14: Fecha | F14: Observación
A15: OBRA | B15: INICIO DE OBRA | D15: =A15&"xx"&B15 -> OBRAxxINICIO DE OBRA | E15: 46272
A16: OBRA | B16: FIN DE MUROS ANCLADOS | D16: =A16&"xx"&B16 -> OBRAxxFIN DE MUROS ANCLADOS | E16: 46305
A17: OBRA | B17: FIN DE SOTANOS | D17: =A17&"xx"&B17 -> OBRAxxFIN DE SOTANOS | E17: 46343
A18: OBRA | B18: TORRE PISO 17 | D18: =A18&"xx"&B18 -> OBRAxxTORRE PISO 17 | E18: 46346
A19: OBRA | B19: FIN DE TORRE | D19: =A19&"xx"&B19 -> OBRAxxFIN DE TORRE | E19: 46452
A20: OBRA | B20: ACABADOS HUMEDOS EN TORRE | D20: =A20&"xx"&B20 -> OBRAxxACABADOS HUMEDOS EN TORRE | E20: 46391
A21: OBRA | B21: ACABADOS SECOS EN TORRE | D21: =A21&"xx"&B21 -> OBRAxxACABADOS SECOS EN TORRE | E21: 46371
A22: OBRA | B22: ENTREGA DE DPTOS TORRE 3 | D22: =A22&"xx"&B22 -> OBRAxxENTREGA DE DPTOS TORRE 3 | E22: 46755

Sheet CRONOG 4.3
BK2: INICIA TORRE | BM2: FIN DE CASCO SOTANO | CI2: CARP MET ESCALERA | CT2: CARP MET DPTOS | CZ2: INICIA ACAB. HUMEDOS | FA2: FIN DE CASCO TORRE | HW2: INICIA ACABADO SECOS | OZ2: ENTREGA DPTOS
A3: OBRA | B3: =YEAR(B5) -> 2026 | C3: =YEAR(C5) -> 2026 | D3: =YEAR(D5) -> 2026 | E3: =YEAR(E5) -> 2026 | F3: =YEAR(F5) -> 2026 | G3: =YEAR(G5) -> 2026 | H3: =YEAR(H5) -> 2026 | I3: =YEAR(I5) -> 2026 | ... QI3: =YEAR(QI5) -> 2028
K4: mes 1
B5: 46272 | C5: =+B5+1 -> 46273 | D5: =+C5+1 -> 46274 | E5: =+D5+1 -> 46275 | F5: =+E5+1 -> 46276 | G5: =+F5+1 -> 46277 | H5: =+G5+2 -> 46279 | I5: =+H5+1 -> 46280 | J5: =+I5+1 -> 46281 | K5: =+J5+1 -> 46282 | L5: =+K5+1 -> 46283 | M5: =+L5+1 -> 46284 | N5: =+M5+2 -> 46286 | O5: =+N5+1 -> 46287 | P5: =+O5+1 -> 46288 | Q5: =+P5+1 -> 46289 | R5: =+Q5+1 -> 46290 | S5: =+R5+1 -> 46291 | T5: =+S5+2 -> 46293 | U5: =+T5+1 -> 46294 | V5: =+U5+1 -> 46295 | W5: =+V5+1 -> 46296 | X5: =+W5+1 -> 46297 | Y5: =+X5+1 -> 46298 | Z5: =+Y5+2 -> 46300 | AA5: =+Z5+1 -> 46301 | AB5: =+AA5+1 -> 46302 | AC5: =+AB5+1 -> 46303 | AD5: =+AC5+1 -> 46304 | AE5: =+AD5+1 -> 46305 | AF5: =+AE5+2 -> 46307 | AG5: =+AF5+1 -> 46308 | AH5: =+AG5+1 -> 46309 | AI5: =+AH5+1 -> 46310 | AJ5: =+AI5+1 -> 46311 | AK5: =+AJ5+1 -> 46312 | AL5: =+AK5+2 -> 46314 | AM5: =+AL5+1 -> 46315 | AN5: =+AM5+1 -> 46316 | AO5: =+AN5+1 -> 46317 | AP5: =+AO5+1 -> 46318 | AQ5: =+AP5+1 -> 46319 | AR5: =+AQ5+2 -> 46321 | AS5: =+AR5+1 -> 46322 | AT5: =+AS5+1 -> 46323 | AU5: =+AT5+1 -> 46324 | AV5: =+AU5+1 -> 46325 | AW5: =+AV5+1 -> 46326 | AX5: =+AW5+2 -> 46328 | AY5: =+AX5+1 -> 46329 | AZ5: =+AY5+1 -> 46330 | BA5: =+AZ5+1 -> 46331 | BB5: =+BA5+1 -> 46332 | BC5: =+BB5+1 -> 46333 | BD5: =+BC5+2 -> 46335 | BE5: =+BD5+1 -> 46336 | BF5: =+BE5+1 -> 46337 | BG5: =+BF5+1 -> 46338 | BH5: =+BG5+1 -> 46339 | BI5: =+BH5+1 -> 46340 | BJ5: =+BI5+2 -> 46342 | BK5: =+BJ5+1 -> 46343 | BL5: =+BK5+1 -> 46344 | BM5: =+BL5+1 -> 46345 | BN5: =+BM5+1 -> 46346 | BO5: =+BN5+1 -> 46347 | BP5: =+BO5+2 -> 46349 | BQ5: =+BP5+1 -> 46350 | BR5: =+BQ5+1 -> 46351 | BS5: =+BR5+1 -> 46352 | BT5: =+BS5+1 -> 46353 | BU5: =+BT5+1 -> 46354 | BV5: =+BU5+2 -> 46356 | BW5: =+BV5+1 -> 46357 | BX5: =+BW5+1 -> 46358 | BY5: =+BX5+1 -> 46359 | BZ5: =+BY5+1 -> 46360 | CA5: =+BZ5+1 -> 46361 | CB5: =+CA5+2 -> 46363 | CC5: =+CB5+1 -> 46364 | CD5: =+CC5+1 -> 46365 | CE5: =+CD5+1 -> 46366 | CF5: =+CE5+1 -> 46367 | CG5: =+CF5+1 -> 46368 | CH5: =+CG5+2 -> 46370 | CI5: =+CH5+1 -> 46371 | CJ5: =+CI5+1 -> 46372 | CK5: =+CJ5+1 -> 46373 | CL5: =+CK5+1 -> 46374 | CM5: =+CL5+1 -> 46375 | CN5: =+CM5+2 -> 46377 | CO5: =+CN5+1 -> 46378 | CP5: =+CO5+1 -> 46379 | CQ5: =+CP5+1 -> 46380 | CR5: =+CQ5+1 -> 46381 | CS5: =+CR5+1 -> 46382 | CT5: =+CS5+2 -> 46384 | CU5: =+CT5+1 -> 46385 | CV5: =+CU5+1 -> 46386 | CW5: =+CV5+1 -> 46387 | CX5: =+CW5+1 -> 46388 | CY5: =+CX5+1 -> 46389 | CZ5: =+CY5+2 -> 46391 | DA5: =+CZ5+1 -> 46392 | DB5: =+DA5+1 -> 46393 | DC5: =+DB5+1 -> 46394 | DD5: =+DC5+1 -> 46395 | DE5: =+DD5+1 -> 46396 | DF5: =+DE5+2 -> 46398 | DG5: =+DF5+1 -> 46399 | DH5: =+DG5+1 -> 46400 | DI5: =+DH5+1 -> 46401 | DJ5: =+DI5+1 -> 46402 | DK5: =+DJ5+1 -> 46403 | DL5: =+DK5+2 -> 46405 | DM5: =+DL5+1 -> 46406 | DN5: =+DM5+1 -> 46407 | DO5: =+DN5+1 -> 46408 | DP5: =+DO5+1 -> 46409 | DQ5: =+DP5+1 -> 46410 | DR5: =+DQ5+2 -> 46412 | DS5: =+DR5+1 -> 46413 | DT5: =+DS5+1 -> 46414 | DU5: =+DT5+1 -> 46415 | DV5: =+DU5+1 -> 46416 | DW5: =+DV5+1 -> 46417 | DX5: =+DW5+2 -> 46419 | DY5: =+DX5+1 -> 46420 | DZ5: =+DY5+1 -> 46421 | EA5: =+DZ5+1 -> 46422 | EB5: =+EA5+1 -> 46423 | EC5: =+EB5+1 -> 46424 | ED5: =+EC5+2 -> 46426 | EE5: =+ED5+1 -> 46427 | EF5: =+EE5+1 -> 46428 | EG5: =+EF5+1 -> 46429 | EH5: =+EG5+1 -> 46430 | EI5: =+EH5+1 -> 46431 | EJ5: =+EI5+2 -> 46433 | EK5: =+EJ5+1 -> 46434 | EL5: =+EK5+1 -> 46435 | EM5: =+EL5+1 -> 46436 | EN5: =+EM5+1 -> 46437 | EO5: =+EN5+1 -> 46438 | EP5: =+EO5+2 -> 46440 | EQ5: =+EP5+1 -> 46441 | ER5: =+EQ5+1 -> 46442 | ES5: =+ER5+1 -> 46443 | ET5: =+ES5+1 -> 46444 | EU5: =+ET5+1 -> 46445 | EV5: =+EU5+2 -> 46447 | EW5: =+EV5+1 -> 46448 | EX5: =+EW5+1 -> 46449 | EY5: =+EX5+1 -> 46450 | EZ5: =+EY5+1 -> 46451 | FA5: =+EZ5+1 -> 46452 | FB5: =+FA5+2 -> 46454 | FC5: =+FB5+1 -> 46455 | FD5: =+FC5+1 -> 46456 | FE5: =+FD5+1 -> 46457 | FF5: =+FE5+1 -> 46458 | FG5: =+FF5+1 -> 46459 | FH5: =+FG5+2 -> 46461 | FI5: =+FH5+1 -> 46462 | FJ5: =+FI5+1 -> 46463 | FK5: =+FJ5+1 -> 46464 | FL5: =+FK5+1 -> 46465 | FM5: =+FL5+1 -> 46466 | FN5: =+FM5+2 -> 46468 | FO5: =+FN5+1 -> 46469 | FP5: =+FO5+1 -> 46470 | FQ5: =+FP5+1 -> 46471 | FR5: =+FQ5+1 -> 46472 | FS5: =+FR5+1 -> 46473 | FT5: =+FS5+2 -> 46475 | FU5: =+FT5+1 -> 46476 | FV5: =+FU5+1 -> 46477 | FW5: =+FV5+1 -> 46478 | FX5: =+FW5+1 -> 46479 | FY5: =+FX5+1 -> 46480 | FZ5: =+FY5+2 -> 46482 | GA5: =+FZ5+1 -> 46483 | GB5: =+GA5+1 -> 46484 | GC5: =+GB5+1 -> 46485 | GD5: =+GC5+1 -> 46486 | GE5: =+GD5+1 -> 46487 | GF5: =+GE5+2 -> 46489 | GG5: =+GF5+1 -> 46490 | GH5: =+GG5+1 -> 46491 | GI5: =+GH5+1 -> 46492 | GJ5: =+GI5+1 -> 46493 | GK5: =+GJ5+1 -> 46494 | GL5: =+GK5+2 -> 46496 | GM5: =+GL5+1 -> 46497 | GN5: =+GM5+1 -> 46498 | GO5: =+GN5+1 -> 46499 | GP5: =+GO5+1 -> 46500 | GQ5: =+GP5+1 -> 46501 | GR5: =+GQ5+2 -> 46503 | GS5: =+GR5+1 -> 46504 | GT5: =+GS5+1 -> 46505 | GU5: =+GT5+1 -> 46506 | GV5: =+GU5+1 -> 46507 | GW5: =+GV5+1 -> 46508 | GX5: =+GW5+2 -> 46510 | GY5: =+GX5+1 -> 46511 | GZ5: =+GY5+1 -> 46512 | HA5: =+GZ5+1 -> 46513 | HB5: =+HA5+1 -> 46514 | HC5: =+HB5+1 -> 46515 | HD5: =+HC5+2 -> 46517 | HE5: =+HD5+1 -> 46518 | HF5: =+HE5+1 -> 46519 | HG5: =+HF5+1 -> 46520 | HH5: =+HG5+1 -> 46521 | HI5: =+HH5+1 -> 46522 | HJ5: =+HI5+2 -> 46524 | HK5: =+HJ5+1 -> 46525 | HL5: =+HK5+1 -> 46526 | HM5: =+HL5+1 -> 46527 | HN5: =+HM5+1 -> 46528 | HO5: =+HN5+1 -> 46529 | HP5: =+HO5+2 -> 46531 | HQ5: =+HP5+1 -> 46532 | HR5: =+HQ5+1 -> 46533 | HS5: =+HR5+1 -> 46534 | HT5: =+HS5+1 -> 46535 | HU5: =+HT5+1 -> 46536 | HV5: =+HU5+2 -> 46538 | HW5: =+HV5+1 -> 46539 | HX5: =+HW5+1 -> 46540 | HY5: =+HX5+1 -> 46541 | HZ5: =+HY5+1 -> 46542 | IA5: =+HZ5+1 -> 46543 | IB5: =+IA5+2 -> 46545 | IC5: =+IB5+1 -> 46546 | ID5: =+IC5+1 -> 46547 | IE5: =+ID5+1 -> 46548 | IF5: =+IE5+1 -> 46549 | IG5: =+IF5+1 -> 46550 | IH5: =+IG5+2 -> 46552 | II5: =+IH5+1 -> 46553 | IJ5: =+II5+1 -> 46554 | IK5: =+IJ5+1 -> 46555 | IL5: =+IK5+1 -> 46556 | IM5: =+IL5+1 -> 46557 | IN5: =+IM5+2 -> 46559 | IO5: =+IN5+1 -> 46560 | IP5: =+IO5+1 -> 46561 | IQ5: =+IP5+1 -> 46562 | IR5: =+IQ5+1 -> 46563 | IS5: =+IR5+1 -> 46564 | IT5: =+IS5+2 -> 46566 | IU5: =+IT5+1 -> 46567 | IV5: =+IU5+1 -> 46568 | IW5: =+IV5+1 -> 46569 | IX5: =+IW5+1 -> 46570 | IY5: =+IX5+1 -> 46571 | IZ5: =+IY5+2 -> 46573 | JA5: =+IZ5+1 -> 46574 | JB5: =+JA5+1 -> 46575 | JC5: =+JB5+1 -> 46576 | JD5: =+JC5+1 -> 46577 | JE5: =+JD5+1 -> 46578 | JF5: =+JE5+2 -> 46580 | JG5: =+JF5+1 -> 46581 | JH5: =+JG5+1 -> 46582 | JI5: =+JH5+1 -> 46583 | JJ5: =+JI5+1 -> 46584 | JK5: =+JJ5+1 -> 46585 | JL5: =+JK5+2 -> 46587 | JM5: =+JL5+1 -> 46588 | JN5: =+JM5+1 -> 46589 | JO5: =+JN5+1 -> 46590 | JP5: =+JO5+1 -> 46591 | JQ5: =+JP5+1 -> 46592 | JR5: =+JQ5+2 -> 46594 | JS5: =+JR5+1 -> 46595 | JT5: =+JS5+1 -> 46596 | JU5: =+JT5+1 -> 46597 | JV5: =+JU5+1 -> 46598 | JW5: =+JV5+1 -> 46599 | JX5: =+JW5+2 -> 46601 | JY5: =+JX5+1 -> 46602 | JZ5: =+JY5+1 -> 46603 | KA5: =+JZ5+1 -> 46604 | KB5: =+KA5+1 -> 46605 | KC5: =+KB5+1 -> 46606 | KD5: =+KC5+2 -> 46608 | KE5: =+KD5+1 -> 46609 | KF5: =+KE5+1 -> 46610 | KG5: =+KF5+1 -> 46611 | KH5: =+KG5+1 -> 46612 | KI5: =+KH5+1 -> 46613 | KJ5: =+KI5+2 -> 46615 | KK5: =+KJ5+1 -> 46616 | KL5: =+KK5+1 -> 46617 | KM5: =+KL5+1 -> 46618 | KN5: =+KM5+1 -> 46619 | KO5: =+KN5+1 -> 46620 | KP5: =+KO5+2 -> 46622 | KQ5: =+KP5+1 -> 46623 | KR5: =+KQ5+1 -> 46624 | KS5: =+KR5+1 -> 46625 | KT5: =+KS5+1 -> 46626 | KU5: =+KT5+1 -> 46627 | KV5: =+KU5+2 -> 46629 | KW5: =+KV5+1 -> 46630 | KX5: =+KW5+1 -> 46631 | KY5: =+KX5+1 -> 46632 | KZ5: =+KY5+1 -> 46633 | LA5: =+KZ5+1 -> 46634 | LB5: =+LA5+2 -> 46636 | LC5: =+LB5+1 -> 46637 | LD5: =+LC5+1 -> 46638 | LE5: =+LD5+1 -> 46639 | LF5: =+LE5+1 -> 46640 | LG5: =+LF5+1 -> 46641 | LH5: =+LG5+2 -> 46643 | LI5: =+LH5+1 -> 46644 | LJ5: =+LI5+1 -> 46645 | LK5: =+LJ5+1 -> 46646 | LL5: =+LK5+1 -> 46647 | LM5: =+LL5+1 -> 46648 | LN5: =+LM5+2 -> 46650 | LO5: =+LN5+1 -> 46651 | LP5: =+LO5+1 -> 46652 | LQ5: =+LP5+1 -> 46653 | LR5: =+LQ5+1 -> 46654 | LS5: =+LR5+1 -> 46655 | LT5: =+LS5+2 -> 46657 | LU5: =+LT5+1 -> 46658 | LV5: =+LU5+1 -> 46659 | LW5: =+LV5+1 -> 46660 | LX5: =+LW5+1 -> 46661 | LY5: =+LX5+1 -> 46662 | LZ5: =+LY5+2 -> 46664 | MA5: =+LZ5+1 -> 46665 | MB5: =+MA5+1 -> 46666 | MC5: =+MB5+1 -> 46667 | MD5: =+MC5+1 -> 46668 | ME5: =+MD5+1 -> 46669 | MF5: =+ME5+2 -> 46671 | MG5: =+MF5+1 -> 46672 | MH5: =+MG5+1 -> 46673 | MI5: =+MH5+1 -> 46674 | MJ5: =+MI5+1 -> 46675 | MK5: =+MJ5+1 -> 46676 | ML5: =+MK5+2 -> 46678 | MM5: =+ML5+1 -> 46679 | MN5: =+MM5+1 -> 46680 | MO5: =+MN5+1 -> 46681 | MP5: =+MO5+1 -> 46682 | MQ5: =+MP5+1 -> 46683 | MR5: =+MQ5+2 -> 46685 | MS5: =+MR5+1 -> 46686 | MT5: =+MS5+1 -> 46687 | MU5: =+MT5+1 -> 46688 | MV5: =+MU5+1 -> 46689 | MW5: =+MV5+1 -> 46690 | MX5: =+MW5+2 -> 46692 | MY5: =+MX5+1 -> 46693 | MZ5: =+MY5+1 -> 46694 | NA5: =+MZ5+1 -> 46695 | NB5: =+NA5+1 -> 46696 | NC5: =+NB5+1 -> 46697 | ND5: =+NC5+2 -> 46699 | NE5: =+ND5+1 -> 46700 | NF5: =+NE5+1 -> 46701 | NG5: =+NF5+1 -> 46702 | NH5: =+NG5+1 -> 46703 | NI5: =+NH5+1 -> 46704 | NJ5: =+NI5+2 -> 46706 | NK5: =+NJ5+1 -> 46707 | NL5: =+NK5+1 -> 46708 | NM5: =+NL5+1 -> 46709 | NN5: =+NM5+1 -> 46710 | NO5: =+NN5+1 -> 46711 | NP5: =+NO5+2 -> 46713 | NQ5: =+NP5+1 -> 46714 | NR5: =+NQ5+1 -> 46715 | NS5: =+NR5+1 -> 46716 | NT5: =+NS5+1 -> 46717 | NU5: =+NT5+1 -> 46718 | NV5: =+NU5+2 -> 46720 | NW5: =+NV5+1 -> 46721 | NX5: =+NW5+1 -> 46722 | NY5: =+NX5+1 -> 46723 | NZ5: =+NY5+1 -> 46724 | OA5: =+NZ5+1 -> 46725 | OB5: =+OA5+2 -> 46727 | OC5: =+OB5+1 -> 46728 | OD5: =+OC5+1 -> 46729 | OE5: =+OD5+1 -> 46730 | OF5: =+OE5+1 -> 46731 | OG5: =+OF5+1 -> 46732 | OH5: =+OG5+2 -> 46734 | OI5: =+OH5+1 -> 46735 | OJ5: =+OI5+1 -> 46736 | OK5: =+OJ5+1 -> 46737 | OL5: =+OK5+1 -> 46738 | OM5: =+OL5+1 -> 46739 | ON5: =+OM5+2 -> 46741 | OO5: =+ON5+1 -> 46742 | OP5: =+OO5+1 -> 46743 | OQ5: =+OP5+1 -> 46744 | OR5: =+OQ5+1 -> 46745 | OS5: =+OR5+1 -> 46746 | OT5: =+OS5+2 -> 46748 | OU5: =+OT5+1 -> 46749 | OV5: =+OU5+1 -> 46750 | OW5: =+OV5+1 -> 46751 | OX5: =+OW5+1 -> 46752 | OY5: =+OX5+1 -> 46753 | OZ5: =+OY5+2 -> 46755 | PA5: =+OZ5+1 -> 46756 | PB5: =+PA5+1 -> 46757 | PC5: =+PB5+1 -> 46758 | PD5: =+PC5+1 -> 46759 | PE5: =+PD5+1 -> 46760 | PF5: =+PE5+2 -> 46762 | PG5: =+PF5+1 -> 46763 | PH5: =+PG5+1 -> 46764 | PI5: =+PH5+1 -> 46765 | PJ5: =+PI5+1 -> 46766 | PK5: =+PJ5+1 -> 46767 | PL5: =+PK5+2 -> 46769 | PM5: =+PL5+1 -> 46770 | PN5: =+PM5+1 -> 46771 | PO5: =+PN5+1 -> 46772 | PP5: =+PO5+1 -> 46773 | PQ5: =+PP5+1 -> 46774 | PR5: =+PQ5+2 -> 46776 | PS5: =+PR5+1 -> 46777 | PT5: =+PS5+1 -> 46778 | PU5: =+PT5+1 -> 46779 | PV5: =+PU5+1 -> 46780 | PW5: =+PV5+1 -> 46781 | PX5: =+PW5+2 -> 46783 | PY5: =+PX5+1 -> 46784 | PZ5: =+PY5+1 -> 46785 | QA5: =+PZ5+1 -> 46786 | QB5: =+QA5+1 -> 46787 | QC5: =+QB5+1 -> 46788 | QD5: =+QC5+2 -> 46790 | QE5: =+QD5+1 -> 46791 | QF5: =+QE5+1 -> 46792 | QG5: =+QF5+1 -> 46793 | QH5: =+QG5+1 -> 46794 | QI5: =+QH5+1 -> 46795
B6: =UPPER(TEXT(B5,"ddd")) -> LUN | C6: =UPPER(TEXT(C5,"ddd")) -> MAR | D6: =UPPER(TEXT(D5,"ddd")) -> MIÉ | E6: =UPPER(TEXT(E5,"ddd")) -> JUE | F6: =UPPER(TEXT(F5,"ddd")) -> VIE | G6: =UPPER(TEXT(G5,"ddd")) -> SÁB | H6: =UPPER(TEXT(H5,"ddd")) -> LUN | I6: =UPPER(TEXT(I5,"ddd")) -> MAR | ... QI6: =UPPER(TEXT(QI5,"ddd")) -> SÁB
A8: CAMPAMENTO / IMPLENTACION DE OFICINAS
A9: MOVILIZACION EQUIPO / PERSONAL
A10: DEMOLICION
A12: EXCAVACION / MURO PANTALLA (INC PERNOS DE ANCLAJE)
A13: ANILLO 1 - 217 | N13: S1,1 | O13: S1,2 | P13: S1,3 | Q13: S1,4 | R13: S1,5 | S13: S1,6 | T13: S1,7 | U13: S1,8 | V13: S1,9 | W13: S1,10 | X13: S1,11 | Y13: S1,12 | Z13: S1,13 | AA13: S1,14 | AB13: S1,15 | AD13: S1,16 | AE13: S1,17 | AF13: S1,18 | AG13: S1,19 | AH13: S1,20 | AI13: S1,21 | AJ13: S1,22 | AK13: S1,23 | AL13: S1,24
N14: 1 | O14: 2 | P14: 3 | Q14: 4 | R14: 5 | S14: 6 | T14: 7 | U14: 8 | V14: 9 | W14: 10 | X14: 11 | Y14: 12 | Z14: 13 | AA14: 14 | AB14: 15 | AD14: 16 | AE14: 17 | AF14: 18 | AG14: 19 | AH14: 20 | AI14: 21 | AJ14: 22 | AK14: 23 | AL14: 24
A15: EXCAVACION MASIVA
A16: PERFORACIONES / ANCLAJE
A17: EXCAVACION LOCALIZADA
A18: PAÑETEO
A19: ACERO MURO CONTENCION
A20: ENCOFRADO MURO CONTENCION
A21: CONCRETO MURO CONTENCION
A22: TENSADO CABLES
A23: MURO DE CONTENCION | AM23: S2,1 | AN23: S2,2 | AO23: S2,3 | AP23: S2,4 | AQ23: S2,5 | AS23: S2,6 | AT23: S2,13 | AU23: S2,14 | AV23: S2,15 | AW23: S2,16 | AX23: S2,17 | AY23: S2,18 | AZ23: S2,19 | BA23: S2,20 | BB23: S2,21 | BC23: S2,22 | BD23: S2,23 | BE23: S2,24
AM24: 1 | AN24: 2 | AO24: 3 | AP24: 4 | AQ24: 5 | AS24: 6 | AT24: 7 | AU24: 8 | AV24: 9 | AW24: 10 | AX24: 11 | AY24: 12 | AZ24: 13 | BA24: 14 | BB24: 15 | BC24: 16 | BD24: 17 | BE24: 18
A25: EXCAVACION MASIVA
A26: EXCAVACION LOCALIZADA
A27: PAÑETEO
A28: ACERO MURO CONTENCION
A29: ENCOFRADO MURO CONTENCION
A30: CONCRETO MURO CONTENCION
A32: CIMIENTOS INTERIORES | AZ32: C | BA32: C | BB32: C | BC32: C | BD32: C | BE32: C | BF32: C | BG32: C | BH32: C | BI32: C | BJ32: C | BK32: C | BL32: C
A35: ESTRUCTURAS
A36: ELEMENTOS VERTICALES
A37: ACERO EN PLACAS | BF37: S11 | BG37: S12 | BH37: S13 | BI37: S14 | BJ37: S15 | BK37: E11 | BL37: E12 | BM37: E13 | BN37: E,14 | BO37: E,15 | BP37: E21 | BQ37: E22 | BR37: E23 | BS37: E24 | BT37: E25 | BU37: E31 | BV37: E32 | BW37: E33 | BX37: E34 | BY37: E35 | BZ37: E41 | CA37: E42 | CB37: E43 | CE37: E44 | CF37: E45 | CG37: E51 | CH37: E52 | CI37: E53 | CJ37: E54 | CK37: E55 | CL37: E61 | CM37: E62 | CN37: E63 | CO37: E64 | CP37: E65 | CQ37: E71 | CS37: E72 | CT37: E73 | CU37: E74 | CV37: E75 | CW37: E81 | CY37: E82 | CZ37: E83 | DA37: E84 | DB37: E85 | DC37: E91 | DD37: E92 | DE37: E93 | DF37: E94 | DG37: E95 | DH37: E101 | DI37: E102 | DJ37: E103 | DK37: E104 | DL37: E105 | DM37: E111 | DN37: E112 | DO37: E113 | DP37: E114 | DQ37: E115 | DR37: E121 | DS37: E122 | DT37: E123 | DU37: E124 | DV37: E125 | DW37: E1231 | DX37: E132 | DY37: E133 | DZ37: E134 | EA37: E135 | EB37: E141 | EC37: E142 | ED37: E143 | EE37: E144 | EF37: E145 | EG37: E151 | EH37: E152 | EI37: E153 | EJ37: E154 | EK37: E155 | EL37: E161 | EM37: E162 | EN37: E163 | EO37: E164 | EP37: E165 | EQ37: E171 | ER37: E172 | ES37: E173 | ET37: E174 | EU37: E175 | EV37: E181 | EW37: E182 | EX37: E183
A38: IIEE IISS DE MUROS | BF38: S11 | BG38: S12 | BH38: S13 | BI38: S14 | BJ38: S15 | BK38: E11 | BL38: E12 | BM38: E13 | BN38: E,14 | BO38: E,15 | BP38: E21 | BQ38: E22 | BR38: E23 | BS38: E24 | BT38: E25 | BU38: E31 | BV38: E32 | BW38: E33 | BX38: E34 | BY38: E35 | BZ38: E41 | CA38: E42 | CB38: E43 | CE38: E44 | CF38: E45 | CG38: E51 | CH38: E52 | CI38: E53 | CJ38: E54 | CK38: E55 | CL38: E61 | CM38: E62 | CN38: E63 | CO38: E64 | CP38: E65 | CQ38: E71 | CS38: E72 | CT38: E73 | CU38: E74 | CV38: E75 | CW38: E81 | CY38: E82 | CZ38: E83 | DA38: E84 | DB38: E85 | DC38: E91 | DD38: E92 | DE38: E93 | DF38: E94 | DG38: E95 | DH38: E101 | DI38: E102 | DJ38: E103 | DK38: E104 | DL38: E105 | DM38: E111 | DN38: E112 | DO38: E113 | DP38: E114 | DQ38: E115 | DR38: E121 | DS38: E122 | DT38: E123 | DU38: E124 | DV38: E125 | DW38: E1231 | DX38: E132 | DY38: E133 | DZ38: E134 | EA38: E135 | EB38: E141 | EC38: E142 | ED38: E143 | EE38: E144 | EF38: E145 | EG38: E151 | EH38: E152 | EI38: E153 | EJ38: E154 | EK38: E155 | EL38: E161 | EM38: E162 | EN38: E163 | EO38: E164 | EP38: E165 | EQ38: E171 | ER38: E172 | ES38: E173 | ET38: E174 | EU38: E175 | EV38: E181 | EW38: E182 | EX38: E183
A39: ENCOFRADO EN PLACAS | BG39: S11 | BH39: S12 | BI39: S13 | BJ39: S14 | BK39: S15 | BL39: E11 | BM39: E12 | BN39: E13 | BO39: E,14 | BP39: E,15 | BQ39: E21 | BR39: E22 | BS39: E23 | BT39: E24 | BU39: E25 | BV39: E31 | BW39: E32 | BX39: E33 | BY39: E34 | BZ39: E35 | CA39: E41 | CB39: E42 | CE39: E43 | CF39: E44 | CG39: E45 | CH39: E51 | CI39: E52 | CJ39: E53 | CK39: E54 | CL39: E55 | CM39: E61 | CN39: E62 | CO39: E63 | CP39: E64 | CQ39: E65 | CS39: E71 | CT39: E72 | CU39: E73 | CV39: E74 | CW39: E75 | CY39: E81 | CZ39: E82 | DA39: E83 | DB39: E84 | DC39: E85 | DD39: E91 | DE39: E92 | DF39: E93 | DG39: E94 | DH39: E95 | DI39: E101 | DJ39: E102 | DK39: E103 | DL39: E104 | DM39: E105 | DN39: E111 | DO39: E112 | DP39: E113 | DQ39: E114 | DR39: E115 | DS39: E121 | DT39: E122 | DU39: E123 | DV39: E124 | DW39: E125 | DX39: E1231 | DY39: E132 | DZ39: E133 | EA39: E134 | EB39: E135 | EC39: E141 | ED39: E142 | EE39: E143 | EF39: E144 | EG39: E145 | EH39: E151 | EI39: E152 | EJ39: E153 | EK39: E154 | EL39: E155 | EM39: E161 | EN39: E162 | EO39: E163 | EP39: E164 | EQ39: E165 | ER39: E171 | ES39: E172 | ET39: E173 | EU39: E174 | EV39: E175 | EW39: E181 | EX39: E182 | EY39: E183
A40: CONCRETO DE PLACAS | BG40: S,11 | BH40: S,12 | BI40: S,13 | BJ40: S,14 | BK40: S,15 | BL40: E11 | BM40: E12 | BN40: E13 | BO40: E,14 | BP40: E,15 | BQ40: E21 | BR40: E22 | BS40: E23 | BT40: E24 | BU40: E25 | BV40: E31 | BW40: E32 | BX40: E33 | BY40: E34 | BZ40: E35 | CA40: E41 | CB40: E42 | CE40: E43 | CF40: E44 | CG40: E45 | CH40: E51 | CI40: E52 | CJ40: E53 | CK40: E54 | CL40: E55 | CM40: E61 | CN40: E62 | CO40: E63 | CP40: E64 | CQ40: E65 | CS40: E71 | CT40: E72 | CU40: E73 | CV40: E74 | CW40: E75 | CY40: E81 | CZ40: E82 | DA40: E83 | DB40: E84 | DC40: E85 | DD40: E91 | DE40: E92 | DF40: E93 | DG40: E94 | DH40: E95 | DI40: E101 | DJ40: E102 | DK40: E103 | DL40: E104 | DM40: E105 | DN40: E111 | DO40: E112 | DP40: E113 | DQ40: E114 | DR40: E115 | DS40: E121 | DT40: E122 | DU40: E123 | DV40: E124 | DW40: E125 | DX40: E1231 | DY40: E132 | DZ40: E133 | EA40: E134 | EB40: E135 | EC40: E141 | ED40: E142 | EE40: E143 | EF40: E144 | EG40: E145 | EH40: E151 | EI40: E152 | EJ40: E153 | EK40: E154 | EL40: E155 | EM40: E161 | EN40: E162 | EO40: E163 | EP40: E164 | EQ40: E165 | ER40: E171 | ES40: E172 | ET40: E173 | EU40: E174 | EV40: E175 | EW40: E181 | EX40: E182 | EY40: E183
A41: ELEMENTOS HORIZONTALES | BF41: 1 | BG41: 2 | BH41: 3 | BI41: 4 | BJ41: 5 | BK41: 6 | BL41: 7 | BM41: 8 | BN41: 9 | BO41: 10 | BP41: 11 | BQ41: 12 | BR41: 13 | BS41: 14 | BT41: 15 | BU41: 16 | BV41: 17 | BW41: 18 | BX41: 19 | BY41: 20 | BZ41: 21 | CA41: 22 | CB41: 23 | CE41: 24 | CF41: 25 | CG41: 26 | CH41: 27 | CI41: 28 | CJ41: 29 | CK41: 30 | CL41: 31 | CM41: 32 | CN41: 33 | CO41: 34 | CP41: 35 | CQ41: 36 | CS41: 37 | CT41: 38 | CU41: 39 | CV41: 40 | CW41: 41 | CY41: 42 | CZ41: 43 | DA41: 44 | DB41: 45 | DC41: 46 | DD41: 47 | DE41: 48 | DF41: 49 | DG41: 50 | DH41: 51 | DI41: 52 | DJ41: 53 | DK41: 54 | DL41: 55 | DM41: 56 | DN41: 57 | DO41: 58 | DP41: 59 | DQ41: 60 | DR41: 61 | DS41: 62 | DT41: 63 | DU41: 64 | DV41: 65 | DW41: 66 | DX41: 67 | DY41: 68 | DZ41: 69 | EA41: 70 | EB41: 71 | EC41: 72 | ED41: 73 | EE41: 74 | EF41: 75 | EG41: 76 | EH41: 77 | EI41: 78 | EJ41: 79 | EK41: 80 | EL41: 81 | EM41: 82 | EN41: 83 | EO41: 84 | EP41: 85 | EQ41: 86 | ER41: 87 | ES41: 88 | ET41: 89 | EU41: 90 | EV41: 91 | EW41: 92 | EX41: 93 | EY41: 94 | EZ41: 95 | FA41: 96
A42: ENCOFRADO DE TECHOS | BH42: S11 | BI42: S12 | BJ42: S13 | BK42: S14 | BL42: S15 | BM42: E,11 | BN42: E1,12 | BO42: E,13 | BP42: E,14 | BQ42: E,15 | BR42: E21 | BS42: E22 | BT42: E23 | BU42: E24 | BV42: E25 | BW42: E31 | BX42: E32 | BY42: E33 | BZ42: E34 | CA42: E35 | CB42: E41 | CE42: E42 | CF42: E43 | CG42: E44 | CH42: E45 | CI42: E51 | CJ42: E52 | CK42: E53 | CL42: E54 | CM42: E55 | CN42: E61 | CO42: E62 | CP42: E63 | CQ42: E64 | CS42: E65 | CT42: E71 | CU42: E72 | CV42: E73 | CW42: E74 | CY42: E75 | CZ42: E81 | DA42: E82 | DB42: E83 | DC42: E84 | DD42: E85 | DE42: E91 | DF42: E92 | DG42: E93 | DH42: E94 | DI42: E95 | DJ42: E101 | DK42: E102 | DL42: E103 | DM42: E104 | DN42: E105 | DO42: E111 | DP42: E112 | DQ42: E113 | DR42: E114 | DS42: E115 | DT42: E121 | DU42: E122 | DV42: E123 | DW42: E124 | DX42: E125 | DY42: E1231 | DZ42: E132 | EA42: E133 | EB42: E134 | EC42: E135 | ED42: E141 | EE42: E142 | EF42: E143 | EG42: E144 | EH42: E145 | EI42: E151 | EJ42: E152 | EK42: E153 | EL42: E154 | EM42: E155 | EN42: E161 | EO42: E162 | EP42: E163 | EQ42: E164 | ER42: E165 | ES42: E171 | ET42: E172 | EU42: E173 | EV42: E174 | EW42: E175 | EX42: E181 | EY42: E182 | EZ42: E183
A43: ACERO EN TECHOS | BI43: S11 | BJ43: S12 | BK43: S13 | BL43: S14 | BM43: S15 | BN43: E,11 | BO43: E1,12 | BP43: E,13 | BQ43: E,14 | BR43: E,15 | BS43: E21 | BT43: E22 | BU43: E23 | BV43: E24 | BW43: E25 | BX43: E31 | BY43: E32 | BZ43: E33 | CA43: E34 | CB43: E35 | CE43: E41 | CF43: E42 | CG43: E43 | CH43: E44 | CI43: E45 | CJ43: E51 | CK43: E52 | CL43: E53 | CM43: E54 | CN43: E55 | CO43: E61 | CP43: E62 | CQ43: E63 | CS43: E64 | CT43: E65 | CU43: E71 | CV43: E72 | CW43: E73 | CY43: E74 | CZ43: E75 | DA43: E81 | DB43: E82 | DC43: E83 | DD43: E84 | DE43: E85 | DF43: E91 | DG43: E92 | DH43: E93 | DI43: E94 | DJ43: E95 | DK43: E101 | DL43: E102 | DM43: E103 | DN43: E104 | DO43: E105 | DP43: E111 | DQ43: E112 | DR43: E113 | DS43: E114 | DT43: E115 | DU43: E121 | DV43: E122 | DW43: E123 | DX43: E124 | DY43: E125 | DZ43: E1231 | EA43: E132 | EB43: E133 | EC43: E134 | ED43: E135 | EE43: E141 | EF43: E142 | EG43: E143 | EH43: E144 | EI43: E145 | EJ43: E151 | EK43: E152 | EL43: E153 | EM43: E154 | EN43: E155 | EO43: E161 | EP43: E162 | EQ43: E163 | ER43: E164 | ES43: E165 | ET43: E171 | EU43: E172 | EV43: E173 | EW43: E174 | EX43: E175 | EY43: E181 | EZ43: E182 | FA43: E183
A44: IIEE IISS DE TECHOS | BI44: S11 | BJ44: S12 | BK44: S13 | BL44: S14 | BM44: S15 | BN44: E,11 | BO44: E1,12 | BP44: E,13 | BQ44: E,14 | BR44: E,15 | BS44: E21 | BT44: E22 | BU44: E23 | BV44: E24 | BW44: E25 | BX44: E31 | BY44: E32 | BZ44: E33 | CA44: E34 | CB44: E35 | CE44: E41 | CF44: E42 | CG44: E43 | CH44: E44 | CI44: E45 | CJ44: E51 | CK44: E52 | CL44: E53 | CM44: E54 | CN44: E55 | CO44: E61 | CP44: E62 | CQ44: E63 | CS44: E64 | CT44: E65 | CU44: E71 | CV44: E72 | CW44: E73 | CY44: E74 | CZ44: E75 | DA44: E81 | DB44: E82 | DC44: E83 | DD44: E84 | DE44: E85 | DF44: E91 | DG44: E92 | DH44: E93 | DI44: E94 | DJ44: E95 | DK44: E101 | DL44: E102 | DM44: E103 | DN44: E104 | DO44: E105 | DP44: E111 | DQ44: E112 | DR44: E113 | DS44: E114 | DT44: E115 | DU44: E121 | DV44: E122 | DW44: E123 | DX44: E124 | DY44: E125 | DZ44: E1231 | EA44: E132 | EB44: E133 | EC44: E134 | ED44: E135 | EE44: E141 | EF44: E142 | EG44: E143 | EH44: E144 | EI44: E145 | EJ44: E151 | EK44: E152 | EL44: E153 | EM44: E154 | EN44: E155 | EO44: E161 | EP44: E162 | EQ44: E163 | ER44: E164 | ES44: E165 | ET44: E171 | EU44: E172 | EV44: E173 | EW44: E174 | EX44: E175 | EY44: E181 | EZ44: E182 | FA44: E183
A45: CONCRETO EN TECHOS | BI45: S11 | BJ45: S12 | BK45: S13 | BL45: S14 | BM45: S15 | BN45: E,11 | BO45: E1,12 | BP45: E,13 | BQ45: E,14 | BR45: E,15 | BS45: E21 | BT45: E22 | BU45: E23 | BV45: E24 | BW45: E25 | BX45: E31 | BY45: E32 | BZ45: E33 | CA45: E34 | CB45: E35 | CE45: E41 | CF45: E42 | CG45: E43 | CH45: E44 | CI45: E45 | CJ45: E51 | CK45: E52 | CL45: E53 | CM45: E54 | CN45: E55 | CO45: E61 | CP45: E62 | CQ45: E63 | CS45: E64 | CT45: E65 | CU45: E71 | CV45: E72 | CW45: E73 | CY45: E74 | CZ45: E75 | DA45: E81 | DB45: E82 | DC45: E83 | DD45: E84 | DE45: E85 | DF45: E91 | DG45: E92 | DH45: E93 | DI45: E94 | DJ45: E95 | DK45: E101 | DL45: E102 | DM45: E103 | DN45: E104 | DO45: E105 | DP45: E111 | DQ45: E112 | DR45: E113 | DS45: E114 | DT45: E115 | DU45: E121 | DV45: E122 | DW45: E123 | DX45: E124 | DY45: E125 | DZ45: E1231 | EA45: E132 | EB45: E133 | EC45: E134 | ED45: E135 | EE45: E141 | EF45: E142 | EG45: E143 | EH45: E144 | EI45: E145 | EJ45: E151 | EK45: E152 | EL45: E153 | EM45: E154 | EN45: E155 | EO45: E161 | EP45: E162 | EQ45: E163 | ER45: E164 | ES45: E165 | ET45: E171 | EU45: E172 | EV45: E173 | EW45: E174 | EX45: E175 | EY45: E181 | EZ45: E182 | FA45: E183
BF46: 1 | BG46: 2 | BH46: 3 | BI46: 4 | BJ46: 5 | BK46: 6 | BL46: 7 | BM46: 8 | BN46: 9 | BO46: 10 | BP46: 11 | BQ46: 12 | BR46: 13 | BS46: 14 | BT46: 15 | BU46: 16 | BV46: 17 | BW46: 18 | BX46: 19 | BY46: 20 | BZ46: 21 | CA46: 22 | CB46: 23 | CE46: 24 | CF46: 25 | CG46: 26 | CH46: 27 | CI46: 28 | CJ46: 29 | CK46: 30 | CL46: 31 | CM46: 32 | CN46: 33 | CO46: 34 | CP46: 35 | CQ46: 36 | CS46: 37 | CT46: 38 | CU46: 39 | CV46: 40 | CW46: 41 | CY46: 42 | CZ46: 43 | DA46: 44 | DB46: 45 | DC46: 46 | DD46: 47 | DE46: 48 | DF46: 49 | DG46: 50 | DH46: 51 | DI46: 52 | DJ46: 53 | DK46: 54 | DL46: 55 | DM46: 56 | DN46: 57 | DO46: 58 | DP46: 59 | DQ46: 60 | DR46: 61 | DS46: 62 | DT46: 63 | DU46: 64 | DV46: 65 | DW46: 66 | DX46: 67 | DY46: 68 | DZ46: 69 | EA46: 70 | EB46: 71 | EC46: 72 | ED46: 73 | EE46: 74 | EF46: 75 | EG46: 76 | EH46: 77 | EI46: 78 | EJ46: 79 | EK46: 80 | EL46: 81 | EM46: 82 | EN46: 83 | EO46: 84 | EP46: 85 | EQ46: 86 | ER46: 87 | ES46: 88 | ET46: 89 | EU46: 90 | EV46: 91 | EW46: 92 | EX46: 93 | EY46: 94 | EZ46: 95 | FA46: 96
A48: ALBAÑILERIA
A49: LIMPIEZA Y TRAZO PARA TABIQUERIA | BW49: X | CZ49: 1 | DA49: 1 | DB49: 1 | DC49: 1 | DD49: 1 | DE49: 1 | DF49: 2 | DG49: 2 | DH49: 2 | DI49: 2 | DJ49: 2 | DK49: 2 | DL49: =+DF49+1 -> 3 | DM49: =+DG49+1 -> 3 | DN49: =+DH49+1 -> 3 | DO49: =+DI49+1 -> 3 | DP49: =+DJ49+1 -> 3 | DQ49: =+DK49+1 -> 3 | DR49: =+DL49+1 -> 4 | DS49: =+DM49+1 -> 4 | ... FP49: =+FJ49+1 -> 12 | FS49: =+FK49+1 -> 12 | FT49: =+FL49+1 -> 12 | FU49: =+FM49+1 -> 12 | FV49: =+FN49+1 -> 13 | FW49: =+FO49+1 -> 13 | FX49: =+FP49+1 -> 13 | FY49: =+FS49+1 -> 13 | FZ49: =+FT49+1 -> 13 | GA49: =+FU49+1 -> 13 | GB49: =+FV49+1 -> 14 | GC49: =+FW49+1 -> 14 | GD49: =+FX49+1 -> 14 | GE49: =+FY49+1 -> 14 | GF49: =+FZ49+1 -> 14 | ... GV49: =+GP49+1 -> 17 | GX49: =+GQ49+1 -> 17 | GY49: =+GR49+1 -> 17 | GZ49: =+GS49+1 -> 17 | HA49: =+GT49+1 -> 18 | HB49: =+GU49+1 -> 18 | HC49: =+GV49+1 -> 18
A50: IIEE TABIQUERIA | DD50: 1 | DE50: 1 | DF50: 1 | DG50: 1 | DH50: 1 | DI50: 1 | DJ50: 2 | DK50: 2 | DL50: 2 | DM50: 2 | DN50: 2 | DO50: 2 | DP50: =+DJ50+1 -> 3 | DQ50: =+DK50+1 -> 3 | DR50: =+DL50+1 -> 3 | DS50: =+DM50+1 -> 3 | DT50: =+DN50+1 -> 3 | DU50: =+DO50+1 -> 3 | DV50: =+DP50+1 -> 4 | DW50: =+DQ50+1 -> 4 | ... FP50: =+FJ50+1 -> 11 | FS50: =+FK50+1 -> 11 | FT50: =+FL50+1 -> 12 | FU50: =+FM50+1 -> 12 | FV50: =+FN50+1 -> 12 | FW50: =+FO50+1 -> 12 | FX50: =+FP50+1 -> 12 | FY50: =+FS50+1 -> 12 | FZ50: =+FT50+1 -> 13 | GA50: =+FU50+1 -> 13 | GB50: =+FV50+1 -> 13 | GC50: =+FW50+1 -> 13 | GD50: =+FX50+1 -> 13 | GE50: =+FY50+1 -> 13 | GF50: =+FZ50+1 -> 14 | ... GV50: =+GP50+1 -> 16 | GX50: =+GQ50+1 -> 16 | GY50: =+GR50+1 -> 17 | GZ50: =+GS50+1 -> 17 | HA50: =+GT50+1 -> 17 | HB50: =+GU50+1 -> 17 | HC50: =+GV50+1 -> 17 | HD50: =+GX50+1 -> 17 | HE50: =+GY50+1 -> 18 | HF50: =+GZ50+1 -> 18 | HG50: =+HA50+1 -> 18
A51: IISS TABIQUERIA | DF51: 1 | DG51: 1 | DH51: 1 | DI51: 1 | DJ51: 1 | DK51: 1 | DL51: 2 | DM51: 2 | DN51: 2 | DO51: 2 | DP51: 2 | DQ51: 2 | DR51: =+DL51+1 -> 3 | DS51: =+DM51+1 -> 3 | DT51: =+DN51+1 -> 3 | DU51: =+DO51+1 -> 3 | DV51: =+DP51+1 -> 3 | DW51: =+DQ51+1 -> 3 | DX51: =+DR51+1 -> 4 | DY51: =+DS51+1 -> 4 | ... FP51: =+FJ51+1 -> 11 | FS51: =+FK51+1 -> 11 | FT51: =+FL51+1 -> 11 | FU51: =+FM51+1 -> 11 | FV51: =+FN51+1 -> 12 | FW51: =+FO51+1 -> 12 | FX51: =+FP51+1 -> 12 | FY51: =+FS51+1 -> 12 | FZ51: =+FT51+1 -> 12 | GA51: =+FU51+1 -> 12 | GB51: =+FV51+1 -> 13 | GC51: =+FW51+1 -> 13 | GD51: =+FX51+1 -> 13 | GE51: =+FY51+1 -> 13 | GF51: =+FZ51+1 -> 13 | ... GV51: =+GP51+1 -> 16 | GX51: =+GQ51+1 -> 16 | GY51: =+GR51+1 -> 16 | GZ51: =+GS51+1 -> 16 | HA51: =+GT51+1 -> 17 | HB51: =+GU51+1 -> 17 | HC51: =+GV51+1 -> 17 | HD51: =+GX51+1 -> 17 | HE51: =+GY51+1 -> 17 | HF51: =+GZ51+1 -> 17 | HG51: =+HA51+1 -> 18 | HH51: =+HB51+1 -> 18 | HI51: =+HC51+1 -> 18
A52: II GAS TABIQUERIA | DH52: 1 | DI52: 1 | DJ52: 1 | DK52: 1 | DL52: 1 | DM52: 1 | DN52: 2 | DO52: 2 | DP52: 2 | DQ52: 2 | DR52: 2 | DS52: 2 | DT52: =+DN52+1 -> 3 | DU52: =+DO52+1 -> 3 | DV52: =+DP52+1 -> 3 | DW52: =+DQ52+1 -> 3 | DX52: =+DR52+1 -> 3 | DY52: =+DS52+1 -> 3 | DZ52: =+DT52+1 -> 4 | EA52: =+DU52+1 -> 4 | ... FP52: =+FJ52+1 -> 11 | FS52: =+FK52+1 -> 11 | FT52: =+FL52+1 -> 11 | FU52: =+FM52+1 -> 11 | FV52: =+FN52+1 -> 11 | FW52: =+FO52+1 -> 11 | FX52: =+FP52+1 -> 12 | FY52: =+FS52+1 -> 12 | FZ52: =+FT52+1 -> 12 | GA52: =+FU52+1 -> 12 | GB52: =+FV52+1 -> 12 | GC52: =+FW52+1 -> 12 | GD52: =+FX52+1 -> 13 | GE52: =+FY52+1 -> 13 | GF52: =+FZ52+1 -> 13 | ... GV52: =+GP52+1 -> 16 | GX52: =+GQ52+1 -> 16 | GY52: =+GR52+1 -> 16 | GZ52: =+GS52+1 -> 16 | HA52: =+GT52+1 -> 16 | HB52: =+GU52+1 -> 16 | HC52: =+GV52+1 -> 17 | HD52: =+GX52+1 -> 17 | HE52: =+GY52+1 -> 17 | HF52: =+GZ52+1 -> 17 | HG52: =+HA52+1 -> 17 | HH52: =+HB52+1 -> 17 | HI52: =+HC52+1 -> 18 | HJ52: =+HD52+1 -> 18 | HK52: =+HE52+1 -> 18
A53: MUROS DE ALBAÑILERIA | DK53: 1 | DL53: 1 | DM53: 1 | DN53: 1 | DO53: 1 | DP53: 1 | DQ53: 2 | DR53: 2 | DS53: 2 | DT53: 2 | DU53: 2 | DV53: 2 | DW53: =+DQ53+1 -> 3 | DX53: =+DR53+1 -> 3 | DY53: =+DS53+1 -> 3 | DZ53: =+DT53+1 -> 3 | EA53: =+DU53+1 -> 3 | EB53: =+DV53+1 -> 3 | EC53: =+DW53+1 -> 4 | ED53: =+DX53+1 -> 4 | ... FP53: =+FJ53+1 -> 10 | FS53: =+FK53+1 -> 10 | FT53: =+FL53+1 -> 10 | FU53: =+FM53+1 -> 11 | FV53: =+FN53+1 -> 11 | FW53: =+FO53+1 -> 11 | FX53: =+FP53+1 -> 11 | FY53: =+FS53+1 -> 11 | FZ53: =+FT53+1 -> 11 | GA53: =+FU53+1 -> 12 | GB53: =+FV53+1 -> 12 | GC53: =+FW53+1 -> 12 | GD53: =+FX53+1 -> 12 | GE53: =+FY53+1 -> 12 | GF53: =+FZ53+1 -> 12 | ... GV53: =+GP53+1 -> 15 | GX53: =+GQ53+1 -> 15 | GY53: =+GR53+1 -> 15 | GZ53: =+GS53+1 -> 16 | HA53: =+GT53+1 -> 16 | HB53: =+GU53+1 -> 16 | HC53: =+GV53+1 -> 16 | HD53: =+GX53+1 -> 16 | HE53: =+GY53+1 -> 16 | HF53: =+GZ53+1 -> 17 | HG53: =+HA53+1 -> 17 | HH53: =+HB53+1 -> 17 | HI53: =+HC53+1 -> 17 | HJ53: =+HD53+1 -> 17 | HK53: =+HE53+1 -> 17 | ... HN53: =+HH53+1 -> 18
A54: SOLAQUEO Y DERAMES | DO54: 1 | DP54: 1 | DQ54: 1 | DR54: 1 | DS54: 1 | DT54: 1 | DU54: 2 | DV54: 2 | DW54: 2 | DX54: 2 | DY54: 2 | DZ54: 2 | EA54: =+DU54+1 -> 3 | EB54: =+DV54+1 -> 3 | EC54: =+DW54+1 -> 3 | ED54: =+DX54+1 -> 3 | EE54: =+DY54+1 -> 3 | EF54: =+DZ54+1 -> 3 | EG54: =+EA54+1 -> 4 | EH54: =+EB54+1 -> 4 | ... FP54: =+FJ54+1 -> 9 | FS54: =+FK54+1 -> 10 | FT54: =+FL54+1 -> 10 | FU54: =+FM54+1 -> 10 | FV54: =+FN54+1 -> 10 | FW54: =+FO54+1 -> 10 | FX54: =+FP54+1 -> 10 | FY54: =+FS54+1 -> 11 | FZ54: =+FT54+1 -> 11 | GA54: =+FU54+1 -> 11 | GB54: =+FV54+1 -> 11 | GC54: =+FW54+1 -> 11 | GD54: =+FX54+1 -> 11 | GE54: =+FY54+1 -> 12 | GF54: =+FZ54+1 -> 12 | ... GV54: =+GP54+1 -> 14 | GX54: =+GQ54+1 -> 15 | GY54: =+GR54+1 -> 15 | GZ54: =+GS54+1 -> 15 | HA54: =+GT54+1 -> 15 | HB54: =+GU54+1 -> 15 | HC54: =+GV54+1 -> 15 | HD54: =+GX54+1 -> 16 | HE54: =+GY54+1 -> 16 | HF54: =+GZ54+1 -> 16 | HG54: =+HA54+1 -> 16 | HH54: =+HB54+1 -> 16 | HI54: =+HC54+1 -> 16 | HJ54: =+HD54+1 -> 17 | HK54: =+HE54+1 -> 17 | ... HR54: =+HL54+1 -> 18
A56: ACABADOS
A57: Instalación de ceramico | FH57: 1 | FI57: 1 | FJ57: 1 | FK57: 1 | FL57: 1 | FM57: 1 | FN57: 2 | FO57: 2 | FP57: 2 | FS57: 2 | FT57: 2 | FU57: 2 | FV57: =+FN57+1 -> 3 | FW57: =+FO57+1 -> 3 | FX57: =+FP57+1 -> 3 | FY57: =+FS57+1 -> 3 | FZ57: =+FT57+1 -> 3 | GA57: =+FU57+1 -> 3 | GB57: =+FV57+1 -> 4 | GC57: =+FW57+1 -> 4 | GD57: =+FX57+1 -> 4 | GE57: =+FY57+1 -> 4 | GF57: =+FZ57+1 -> 4 | ... GV57: =+GP57+1 -> 7 | GX57: =+GQ57+1 -> 7 | GY57: =+GR57+1 -> 7 | GZ57: =+GS57+1 -> 7 | HA57: =+GT57+1 -> 8 | HB57: =+GU57+1 -> 8 | HC57: =+GV57+1 -> 8 | HD57: =+GX57+1 -> 8 | HE57: =+GY57+1 -> 8 | HF57: =+GZ57+1 -> 8 | HG57: =+HA57+1 -> 9 | HH57: =+HB57+1 -> 9 | HI57: =+HC57+1 -> 9 | HJ57: =+HD57+1 -> 9 | HK57: =+HE57+1 -> 9 | ... IU57: =+IO57+1 -> 15 | IW57: =+IP57+1 -> 15 | IX57: =+IQ57+1 -> 16 | IY57: =+IR57+1 -> 16 | IZ57: =+IS57+1 -> 16 | JA57: =+IT57+1 -> 16 | JB57: =+IU57+1 -> 16 | JC57: =+IW57+1 -> 16 | JD57: =+IX57+1 -> 17 | JE57: =+IY57+1 -> 17 | JF57: =+IZ57+1 -> 17 | JG57: =+JA57+1 -> 17 | JH57: =+JB57+1 -> 17 | JI57: =+JC57+1 -> 17 | JJ57: =+JD57+1 -> 18 | ... JL57: =+JF57+1 -> 18 | JM57: =+JD57+1 -> 18
A58: Fragua | FV58: 1 | FW58: 1 | FX58: 1 | FY58: 1 | FZ58: 1 | GA58: 1 | GB58: 2 | GC58: 2 | GD58: 2 | GE58: 2 | GF58: 2 | GG58: 2 | GH58: =+GB58+1 -> 3 | GI58: =+GC58+1 -> 3 | GJ58: =+GD58+1 -> 3 | GK58: =+GE58+1 -> 3 | GL58: =+GF58+1 -> 3 | GM58: =+GG58+1 -> 3 | GN58: =+GH58+1 -> 4 | GO58: =+GI58+1 -> 4 | ... GV58: =+GP58+1 -> 5 | GX58: =+GQ58+1 -> 5 | GY58: =+GR58+1 -> 5 | GZ58: =+GS58+1 -> 5 | HA58: =+GT58+1 -> 6 | HB58: =+GU58+1 -> 6 | HC58: =+GV58+1 -> 6 | HD58: =+GX58+1 -> 6 | HE58: =+GY58+1 -> 6 | HF58: =+GZ58+1 -> 6 | HG58: =+HA58+1 -> 7 | HH58: =+HB58+1 -> 7 | HI58: =+HC58+1 -> 7 | HJ58: =+HD58+1 -> 7 | HK58: =+HE58+1 -> 7 | ... IU58: =+IO58+1 -> 13 | IW58: =+IP58+1 -> 13 | IX58: =+IQ58+1 -> 14 | IY58: =+IR58+1 -> 14 | IZ58: =+IS58+1 -> 14 | JA58: =+IT58+1 -> 14 | JB58: =+IU58+1 -> 14 | JC58: =+IW58+1 -> 14 | JD58: =+IX58+1 -> 15 | JE58: =+IY58+1 -> 15 | JF58: =+IZ58+1 -> 15 | JG58: =+JA58+1 -> 15 | JH58: =+JB58+1 -> 15 | JI58: =+JC58+1 -> 15 | JJ58: =+JD58+1 -> 16 | ... JO58: =+JI58+1 -> 16 | JQ58: =+JJ58+1 -> 17 | JR58: =+JK58+1 -> 17 | JS58: =+JL58+1 -> 17 | JV58: =+JM58+1 -> 17 | JW58: =+JN58+1 -> 17 | JX58: =+JO58+1 -> 17 | JY58: =+JQ58+1 -> 18 | JZ58: =+JR58+1 -> 18 | KA58: =+JS58+1 -> 18
A59: SC pintura / imprimación-empaste grueso | GH59: 1 | GI59: 1 | GJ59: 1 | GK59: 1 | GL59: 1 | GM59: 1 | GN59: 1 | GO59: 1 | GP59: 2 | GQ59: 2 | GR59: 2 | GS59: 2 | GT59: =+GN59+1 -> 2 | GU59: =+GO59+1 -> 2 | GV59: 2 | GX59: 2 | GY59: =+GP59+1 -> 3 | GZ59: =+GQ59+1 -> 3 | HA59: =+GR59+1 -> 3 | HB59: =+GS59+1 -> 3 | HC59: =+GT59+1 -> 3 | HD59: =+GU59+1 -> 3 | HE59: =+GV59+1 -> 3 | HF59: =+GX59+1 -> 3 | HG59: =+GY59+1 -> 4 | HH59: =+GZ59+1 -> 4 | HI59: =+HA59+1 -> 4 | HJ59: =+HB59+1 -> 4 | HK59: =+HC59+1 -> 4 | HL59: =+HD59+1 -> 4 | HM59: =+HE59+1 -> 4 | ... IU59: =+IM59+1 -> 9 | IW59: =+IN59+1 -> 9 | IX59: =+IO59+1 -> 9 | IY59: =+IP59+1 -> 9 | IZ59: =+IQ59+1 -> 9 | JA59: =+IR59+1 -> 9 | JB59: =+IS59+1 -> 9 | JC59: =+IT59+1 -> 9 | JD59: =+IU59+1 -> 10 | JE59: =+IW59+1 -> 10 | JF59: =+IX59+1 -> 10 | JG59: =+IY59+1 -> 10 | JH59: =+IZ59+1 -> 10 | JI59: =+JA59+1 -> 10 | JJ59: =+JB59+1 -> 10 | JK59: =+JC59+1 -> 10 | JL59: =+JD59+1 -> 11 | ... JO59: =+JG59+1 -> 11 | JQ59: =+JH59+1 -> 11 | JR59: =+JI59+1 -> 11 | JS59: =+JJ59+1 -> 11 | JV59: =+JK59+1 -> 11 | JW59: =+JL59+1 -> 12 | JX59: =+JM59+1 -> 12 | JY59: =+JN59+1 -> 12 | JZ59: =+JO59+1 -> 12 | KA59: =+JQ59+1 -> 12 | KC59: =+JR59+1 -> 12 | KD59: =+JS59+1 -> 12 | KE59: =+JV59+1 -> 12 | KF59: =+JW59+1 -> 13 | KG59: =+JX59+1 -> 13 | KH59: =+JY59+1 -> 13 | KI59: =+JZ59+1 -> 13 | KJ59: =+KA59+1 -> 13 | KK59: =+KC59+1 -> 13 | KL59: =+KD59+1 -> 13 | KM59: =+KE59+1 -> 13 | KN59: =+KF59+1 -> 14 | KO59: =+KG59+1 -> 14 | KP59: =+KH59+1 -> 14 | KQ59: =+KI59+1 -> 14 | KR59: =+KJ59+1 -> 14 | ... KU59: =+KM59+1 -> 14 | KW59: =+KN59+1 -> 15 | KX59: =+KO59+1 -> 15 | KY59: =+KP59+1 -> 15 | KZ59: =+KQ59+1 -> 15 | LA59: =+KR59+1 -> 15 | LB59: =+KS59+1 -> 15 | LC59: =+KT59+1 -> 15 | LD59: =+KU59+1 -> 15 | LE59: =+KW59+1 -> 16 | LF59: =+KX59+1 -> 16 | LG59: =+KY59+1 -> 16 | LH59: =+KZ59+1 -> 16 | LI59: =+LA59+1 -> 16 | LJ59: =+LB59+1 -> 16 | LK59: =+LC59+1 -> 16 | LL59: =+LD59+1 -> 16 | ... LX59: =+LP59+1 -> 18
A60: SC pintura / empaste fino | GP60: 1 | GQ60: 1 | GR60: 1 | GS60: 1 | GT60: 1 | GU60: 1 | GV60: 1 | GX60: 1 | GY60: 2 | GZ60: 2 | HA60: 2 | HB60: 2 | HC60: =+GV60+1 -> 2 | HD60: =+GX60+1 -> 2 | HE60: 2 | HF60: 2 | HG60: =+GY60+1 -> 3 | HH60: =+GZ60+1 -> 3 | HI60: =+HA60+1 -> 3 | HJ60: =+HB60+1 -> 3 | HK60: =+HC60+1 -> 3 | HL60: =+HD60+1 -> 3 | HM60: =+HE60+1 -> 3 | HN60: =+HF60+1 -> 3 | ... IU60: =+IM60+1 -> 8 | IW60: =+IN60+1 -> 8 | IX60: =+IO60+1 -> 8 | IY60: =+IP60+1 -> 8 | IZ60: =+IQ60+1 -> 8 | JA60: =+IR60+1 -> 8 | JB60: =+IS60+1 -> 8 | JC60: =+IT60+1 -> 8 | JD60: =+IU60+1 -> 9 | JE60: =+IW60+1 -> 9 | JF60: =+IX60+1 -> 9 | JG60: =+IY60+1 -> 9 | JH60: =+IZ60+1 -> 9 | JI60: =+JA60+1 -> 9 | JJ60: =+JB60+1 -> 9 | JK60: =+JC60+1 -> 9 | JL60: =+JD60+1 -> 10 | ... JO60: =+JG60+1 -> 10 | JQ60: =+JH60+1 -> 10 | JR60: =+JI60+1 -> 10 | JS60: =+JJ60+1 -> 10 | JV60: =+JK60+1 -> 10 | JW60: =+JL60+1 -> 11 | JX60: =+JM60+1 -> 11 | JY60: =+JN60+1 -> 11 | JZ60: =+JO60+1 -> 11 | KA60: =+JQ60+1 -> 11 | KC60: =+JR60+1 -> 11 | KD60: =+JS60+1 -> 11 | KE60: =+JV60+1 -> 11 | KF60: =+JW60+1 -> 12 | KG60: =+JX60+1 -> 12 | KH60: =+JY60+1 -> 12 | KI60: =+JZ60+1 -> 12 | KJ60: =+KA60+1 -> 12 | KK60: =+KC60+1 -> 12 | KL60: =+KD60+1 -> 12 | KM60: =+KE60+1 -> 12 | KN60: =+KF60+1 -> 13 | KO60: =+KG60+1 -> 13 | KP60: =+KH60+1 -> 13 | KQ60: =+KI60+1 -> 13 | KR60: =+KJ60+1 -> 13 | ... KU60: =+KM60+1 -> 13 | KW60: =+KN60+1 -> 14 | KX60: =+KO60+1 -> 14 | KY60: =+KP60+1 -> 14 | KZ60: =+KQ60+1 -> 14 | LA60: =+KR60+1 -> 14 | LB60: =+KS60+1 -> 14 | LC60: =+KT60+1 -> 14 | LD60: =+KU60+1 -> 14 | LE60: =+KW60+1 -> 15 | LF60: =+KX60+1 -> 15 | LG60: =+KY60+1 -> 15 | LH60: =+KZ60+1 -> 15 | LI60: =+LA60+1 -> 15 | LJ60: =+LB60+1 -> 15 | LK60: =+LC60+1 -> 15 | LL60: =+LD60+1 -> 15 | ... MC60: =+LU60+1 -> 18 | ME60: =+LV60+1 -> 18 | MF60: =+LW60+1 -> 18 | MG60: =+LX60+1 -> 18
A61: SC pintura / primera mano de pintura | GY61: 1 | GZ61: 1 | HA61: 1 | HB61: 1 | HC61: 1 | HD61: 1 | HE61: 1 | HF61: 1 | HG61: 2 | HH61: 2 | HI61: 2 | HJ61: 2 | HK61: =+HE61+1 -> 2 | HL61: =+HF61+1 -> 2 | HM61: 2 | HN61: 2 | HO61: =+HG61+1 -> 3 | HP61: =+HH61+1 -> 3 | HQ61: =+HI61+1 -> 3 | HR61: =+HJ61+1 -> 3 | HS61: =+HK61+1 -> 3 | HT61: =+HL61+1 -> 3 | HU61: =+HM61+1 -> 3 | HV61: =+HN61+1 -> 3 | ... IU61: =+IM61+1 -> 7 | IW61: =+IN61+1 -> 7 | IX61: =+IO61+1 -> 7 | IY61: =+IP61+1 -> 7 | IZ61: =+IQ61+1 -> 7 | JA61: =+IR61+1 -> 7 | JB61: =+IS61+1 -> 7 | JC61: =+IT61+1 -> 7 | JD61: =+IU61+1 -> 8 | JE61: =+IW61+1 -> 8 | JF61: =+IX61+1 -> 8 | JG61: =+IY61+1 -> 8 | JH61: =+IZ61+1 -> 8 | JI61: =+JA61+1 -> 8 | JJ61: =+JB61+1 -> 8 | JK61: =+JC61+1 -> 8 | JL61: =+JD61+1 -> 9 | ... JO61: =+JG61+1 -> 9 | JQ61: =+JH61+1 -> 9 | JR61: =+JI61+1 -> 9 | JS61: =+JJ61+1 -> 9 | JV61: =+JK61+1 -> 9 | JW61: =+JL61+1 -> 10 | JX61: =+JM61+1 -> 10 | JY61: =+JN61+1 -> 10 | JZ61: =+JO61+1 -> 10 | KA61: =+JQ61+1 -> 10 | KC61: =+JR61+1 -> 10 | KD61: =+JS61+1 -> 10 | KE61: =+JV61+1 -> 10 | KF61: =+JW61+1 -> 11 | KG61: =+JX61+1 -> 11 | KH61: =+JY61+1 -> 11 | KI61: =+JZ61+1 -> 11 | KJ61: =+KA61+1 -> 11 | KK61: =+KC61+1 -> 11 | KL61: =+KD61+1 -> 11 | KM61: =+KE61+1 -> 11 | KN61: =+KF61+1 -> 12 | KO61: =+KG61+1 -> 12 | KP61: =+KH61+1 -> 12 | KQ61: =+KI61+1 -> 12 | KR61: =+KJ61+1 -> 12 | ... KU61: =+KM61+1 -> 12 | KW61: =+KN61+1 -> 13 | KX61: =+KO61+1 -> 13 | KY61: =+KP61+1 -> 13 | KZ61: =+KQ61+1 -> 13 | LA61: =+KR61+1 -> 13 | LB61: =+KS61+1 -> 13 | LC61: =+KT61+1 -> 13 | LD61: =+KU61+1 -> 13 | LE61: =+KW61+1 -> 14 | LF61: =+KX61+1 -> 14 | LG61: =+KY61+1 -> 14 | LH61: =+KZ61+1 -> 14 | LI61: =+LA61+1 -> 14 | LJ61: =+LB61+1 -> 14 | LK61: =+LC61+1 -> 14 | LL61: =+LD61+1 -> 14 | ... MC61: =+LU61+1 -> 17 | ME61: =+LV61+1 -> 17 | MF61: =+LW61+1 -> 17 | MG61: =+LX61+1 -> 17 | MH61: =+LY61+1 -> 17 | MI61: =+LZ61+1 -> 17 | MJ61: =+MA61+1 -> 17 | MK61: =+MB61+1 -> 17 | ML61: =+MC61+1 -> 18 | MM61: =+ME61+1 -> 18 | MN61: =+MF61+1 -> 18 | MO61: =+MG61+1 -> 18
A62: SC carpinteria metalica | CI62: 1 | CJ62: 1 | CK62: 1 | CT62: 1 | CU62: 1 | CV62: 1 | CW62: 1
A63: Inst. de marcos y hojas de puertas interiores | IR63: 1 | IS63: 1 | IT63: 1 | IU63: 1 | IW63: 1 | IX63: 1 | IY63: 1 | IZ63: 1 | JA63: 2 | JB63: 2 | JC63: 2 | JD63: 2 | JE63: =+IY63+1 -> 2 | JF63: =+IZ63+1 -> 2 | JG63: 2 | JH63: 2 | JI63: =+JA63+1 -> 3 | JJ63: =+JB63+1 -> 3 | JK63: =+JC63+1 -> 3 | JL63: =+JD63+1 -> 3 | JM63: =+JE63+1 -> 3 | JN63: =+JF63+1 -> 3 | JO63: =+JG63+1 -> 3 | JQ63: =+JH63+1 -> 3 | JR63: =+JI63+1 -> 4 | JS63: =+JJ63+1 -> 4 | JV63: =+JK63+1 -> 4 | JW63: =+JL63+1 -> 4 | JX63: =+JM63+1 -> 4 | JY63: =+JN63+1 -> 4 | JZ63: =+JO63+1 -> 4 | KA63: =+JQ63+1 -> 4 | KC63: =+JR63+1 -> 5 | KD63: =+JS63+1 -> 5 | KE63: =+JV63+1 -> 5 | KF63: =+JW63+1 -> 5 | KG63: =+JX63+1 -> 5 | KH63: =+JY63+1 -> 5 | KI63: =+JZ63+1 -> 5 | KJ63: =+KA63+1 -> 5 | KK63: =+KC63+1 -> 6 | KL63: =+KD63+1 -> 6 | KM63: =+KE63+1 -> 6 | KN63: =+KF63+1 -> 6 | KO63: =+KG63+1 -> 6 | KP63: =+KH63+1 -> 6 | KQ63: =+KI63+1 -> 6 | KR63: =+KJ63+1 -> 6 | ... KU63: =+KM63+1 -> 7 | KW63: =+KN63+1 -> 7 | KX63: =+KO63+1 -> 7 | KY63: =+KP63+1 -> 7 | KZ63: =+KQ63+1 -> 7 | LA63: =+KR63+1 -> 7 | LB63: =+KS63+1 -> 8 | LC63: =+KT63+1 -> 8 | LD63: =+KU63+1 -> 8 | LE63: =+KW63+1 -> 8 | LF63: =+KX63+1 -> 8 | LG63: =+KY63+1 -> 8 | LH63: =+KZ63+1 -> 8 | LI63: =+LA63+1 -> 8 | LJ63: =+LB63+1 -> 9 | LK63: =+LC63+1 -> 9 | LL63: =+LD63+1 -> 9 | ... MC63: =+LU63+1 -> 11 | ME63: =+LV63+1 -> 11 | MF63: =+LW63+1 -> 11 | MG63: =+LX63+1 -> 11 | MH63: =+LY63+1 -> 11 | MI63: =+LZ63+1 -> 12 | MJ63: =+MA63+1 -> 12 | MK63: =+MB63+1 -> 12 | ML63: =+MC63+1 -> 12 | MM63: =+ME63+1 -> 12 | MN63: =+MF63+1 -> 12 | MO63: =+MG63+1 -> 12 | MP63: =+MH63+1 -> 12 | MQ63: =+MI63+1 -> 13 | MR63: =+MJ63+1 -> 13 | MS63: =+MK63+1 -> 13 | MT63: =+ML63+1 -> 13 | ... MW63: =+MO63+1 -> 13 | MY63: =+MP63+1 -> 13 | MZ63: =+MQ63+1 -> 14 | NA63: =+MR63+1 -> 14 | NB63: =+MS63+1 -> 14 | NC63: =+MT63+1 -> 14 | ND63: =+MU63+1 -> 14 | NE63: =+MV63+1 -> 14 | NF63: =+MW63+1 -> 14 | NG63: =+MY63+1 -> 14 | NH63: =+MZ63+1 -> 15 | NI63: =+NA63+1 -> 15 | NJ63: =+NB63+1 -> 15 | NK63: =+NC63+1 -> 15 | NL63: =+ND63+1 -> 15 | NM63: =+NE63+1 -> 15 | NN63: =+NF63+1 -> 15 | ... OC63: =+NU63+1 -> 17 | OF63: =+NV63+1 -> 17 | OG63: =+NW63+1 -> 17 | OH63: =+NX63+1 -> 18 | OI63: =+NY63+1 -> 18 | OJ63: =+NZ63+1 -> 18 | OK63: =+OA63+1 -> 18
A64: Inst. de marcos y hojas de puertas principales | IM64: 1 | IN64: 1 | IO64: 1 | IP64: 1 | IQ64: 1 | IR64: 1 | IS64: 1 | IT64: 1 | IU64: 2 | IW64: 2 | IX64: 2 | IY64: 2 | IZ64: =+IS64+1 -> 2 | JA64: =+IT64+1 -> 2 | JB64: 2 | JC64: 2 | JD64: =+IU64+1 -> 3 | JE64: =+IW64+1 -> 3 | JF64: =+IX64+1 -> 3 | JG64: =+IY64+1 -> 3 | JH64: =+IZ64+1 -> 3 | JI64: =+JA64+1 -> 3 | JJ64: =+JB64+1 -> 3 | JK64: =+JC64+1 -> 3 | JL64: =+JD64+1 -> 4 | ... JO64: =+JG64+1 -> 4 | JQ64: =+JH64+1 -> 4 | JR64: =+JI64+1 -> 4 | JS64: =+JJ64+1 -> 4 | JV64: =+JK64+1 -> 4 | JW64: =+JL64+1 -> 5 | JX64: =+JM64+1 -> 5 | JY64: =+JN64+1 -> 5 | JZ64: =+JO64+1 -> 5 | KA64: =+JQ64+1 -> 5 | KC64: =+JR64+1 -> 5 | KD64: =+JS64+1 -> 5 | KE64: =+JV64+1 -> 5 | KF64: =+JW64+1 -> 6 | KG64: =+JX64+1 -> 6 | KH64: =+JY64+1 -> 6 | KI64: =+JZ64+1 -> 6 | KJ64: =+KA64+1 -> 6 | KK64: =+KC64+1 -> 6 | KL64: =+KD64+1 -> 6 | KM64: =+KE64+1 -> 6 | KN64: =+KF64+1 -> 7 | KO64: =+KG64+1 -> 7 | KP64: =+KH64+1 -> 7 | KQ64: =+KI64+1 -> 7 | KR64: =+KJ64+1 -> 7 | ... KU64: =+KM64+1 -> 7 | KW64: =+KN64+1 -> 8 | KX64: =+KO64+1 -> 8 | KY64: =+KP64+1 -> 8 | KZ64: =+KQ64+1 -> 8 | LA64: =+KR64+1 -> 8 | LB64: =+KS64+1 -> 8 | LC64: =+KT64+1 -> 8 | LD64: =+KU64+1 -> 8 | LE64: =+KW64+1 -> 9 | LF64: =+KX64+1 -> 9 | LG64: =+KY64+1 -> 9 | LH64: =+KZ64+1 -> 9 | LI64: =+LA64+1 -> 9 | LJ64: =+LB64+1 -> 9 | LK64: =+LC64+1 -> 9 | LL64: =+LD64+1 -> 9 | ... MC64: =+LU64+1 -> 12 | ME64: =+LV64+1 -> 12 | MF64: =+LW64+1 -> 12 | MG64: =+LX64+1 -> 12 | MH64: =+LY64+1 -> 12 | MI64: =+LZ64+1 -> 12 | MJ64: =+MA64+1 -> 12 | MK64: =+MB64+1 -> 12 | ML64: =+MC64+1 -> 13 | MM64: =+ME64+1 -> 13 | MN64: =+MF64+1 -> 13 | MO64: =+MG64+1 -> 13 | MP64: =+MH64+1 -> 13 | MQ64: =+MI64+1 -> 13 | MR64: =+MJ64+1 -> 13 | MS64: =+MK64+1 -> 13 | MT64: =+ML64+1 -> 14 | ... MW64: =+MO64+1 -> 14 | MY64: =+MP64+1 -> 14 | MZ64: =+MQ64+1 -> 14 | NA64: =+MR64+1 -> 14 | NB64: =+MS64+1 -> 14 | NC64: =+MT64+1 -> 15 | ND64: =+MU64+1 -> 15 | NE64: =+MV64+1 -> 15 | NF64: =+MW64+1 -> 15 | NG64: =+MY64+1 -> 15 | NH64: =+MZ64+1 -> 15 | NI64: =+NA64+1 -> 15 | NJ64: =+NB64+1 -> 15 | NK64: =+NC64+1 -> 16 | NL64: =+ND64+1 -> 16 | NM64: =+NE64+1 -> 16 | NN64: =+NF64+1 -> 16 | ... OC64: =+NU64+1 -> 18 | OF64: =+NV64+1 -> 18
A66: Inst. de aparatos sanitarios | JA66: 1 | JB66: 1 | JC66: 1 | JD66: 1 | JE66: 1 | JF66: 1 | JG66: 1 | JH66: 1 | JI66: 2 | JJ66: 2 | JK66: 2 | JL66: 2 | JM66: =+JG66+1 -> 2 | JN66: =+JH66+1 -> 2 | JO66: 2 | JQ66: 2 | JR66: =+JI66+1 -> 3 | JS66: =+JJ66+1 -> 3 | JV66: =+JK66+1 -> 3 | JW66: =+JL66+1 -> 3 | JX66: =+JM66+1 -> 3 | JY66: =+JN66+1 -> 3 | JZ66: =+JO66+1 -> 3 | KA66: =+JQ66+1 -> 3 | KC66: =+JR66+1 -> 4 | KD66: =+JS66+1 -> 4 | KE66: =+JV66+1 -> 4 | KF66: =+JW66+1 -> 4 | KG66: =+JX66+1 -> 4 | KH66: =+JY66+1 -> 4 | KI66: =+JZ66+1 -> 4 | KJ66: =+KA66+1 -> 4 | KK66: =+KC66+1 -> 5 | KL66: =+KD66+1 -> 5 | KM66: =+KE66+1 -> 5 | KN66: =+KF66+1 -> 5 | KO66: =+KG66+1 -> 5 | KP66: =+KH66+1 -> 5 | KQ66: =+KI66+1 -> 5 | KR66: =+KJ66+1 -> 5 | ... KU66: =+KM66+1 -> 6 | KW66: =+KN66+1 -> 6 | KX66: =+KO66+1 -> 6 | KY66: =+KP66+1 -> 6 | KZ66: =+KQ66+1 -> 6 | LA66: =+KR66+1 -> 6 | LB66: =+KS66+1 -> 7 | LC66: =+KT66+1 -> 7 | LD66: =+KU66+1 -> 7 | LE66: =+KW66+1 -> 7 | LF66: =+KX66+1 -> 7 | LG66: =+KY66+1 -> 7 | LH66: =+KZ66+1 -> 7 | LI66: =+LA66+1 -> 7 | LJ66: =+LB66+1 -> 8 | LK66: =+LC66+1 -> 8 | LL66: =+LD66+1 -> 8 | ... MC66: =+LU66+1 -> 10 | ME66: =+LV66+1 -> 10 | MF66: =+LW66+1 -> 10 | MG66: =+LX66+1 -> 10 | MH66: =+LY66+1 -> 10 | MI66: =+LZ66+1 -> 11 | MJ66: =+MA66+1 -> 11 | MK66: =+MB66+1 -> 11 | ML66: =+MC66+1 -> 11 | MM66: =+ME66+1 -> 11 | MN66: =+MF66+1 -> 11 | MO66: =+MG66+1 -> 11 | MP66: =+MH66+1 -> 11 | MQ66: =+MI66+1 -> 12 | MR66: =+MJ66+1 -> 12 | MS66: =+MK66+1 -> 12 | MT66: =+ML66+1 -> 12 | ... MW66: =+MO66+1 -> 12 | MY66: =+MP66+1 -> 12 | MZ66: =+MQ66+1 -> 13 | NA66: =+MR66+1 -> 13 | NB66: =+MS66+1 -> 13 | NC66: =+MT66+1 -> 13 | ND66: =+MU66+1 -> 13 | NE66: =+MV66+1 -> 13 | NF66: =+MW66+1 -> 13 | NG66: =+MY66+1 -> 13 | NH66: =+MZ66+1 -> 14 | NI66: =+NA66+1 -> 14 | NJ66: =+NB66+1 -> 14 | NK66: =+NC66+1 -> 14 | NL66: =+ND66+1 -> 14 | NM66: =+NE66+1 -> 14 | NN66: =+NF66+1 -> 14 | ... OC66: =+NU66+1 -> 16 | OF66: =+NV66+1 -> 16 | OG66: =+NW66+1 -> 16 | OH66: =+NX66+1 -> 17 | OI66: =+NY66+1 -> 17 | OJ66: =+NZ66+1 -> 17 | OK66: =+OA66+1 -> 17 | OL66: =+OB66+1 -> 17 | OM66: =+OC66+1 -> 17 | ON66: =+OF66+1 -> 17 | OO66: =+OG66+1 -> 17 | OP66: =+OH66+1 -> 18 | OQ66: =+OI66+1 -> 18 | OR66: =+OJ66+1 -> 18 | OT66: =+OK66+1 -> 18
A68: Inst. de ventanas | HW68: 1 | HX68: 1 | HY68: 1 | HZ68: 1 | IA68: 1 | IB68: 1 | IC68: 1 | ID68: 1 | IE68: 2 | IF68: 2 | IG68: 2 | IH68: 2 | II68: =+IC68+1 -> 2 | IJ68: =+ID68+1 -> 2 | IK68: 2 | IL68: 2 | IM68: =+IE68+1 -> 3 | IN68: =+IF68+1 -> 3 | IO68: =+IG68+1 -> 3 | IP68: =+IH68+1 -> 3 | IQ68: =+II68+1 -> 3 | IR68: =+IJ68+1 -> 3 | IS68: =+IK68+1 -> 3 | IT68: =+IL68+1 -> 3 | IU68: =+IM68+1 -> 4 | IW68: =+IN68+1 -> 4 | IX68: =+IO68+1 -> 4 | IY68: =+IP68+1 -> 4 | IZ68: =+IQ68+1 -> 4 | JA68: =+IR68+1 -> 4 | JB68: =+IS68+1 -> 4 | JC68: =+IT68+1 -> 4 | JD68: =+IU68+1 -> 5 | JE68: =+IW68+1 -> 5 | JF68: =+IX68+1 -> 5 | JG68: =+IY68+1 -> 5 | JH68: =+IZ68+1 -> 5 | JI68: =+JA68+1 -> 5 | JJ68: =+JB68+1 -> 5 | JK68: =+JC68+1 -> 5 | JL68: =+JD68+1 -> 6 | ... JO68: =+JG68+1 -> 6 | JQ68: =+JH68+1 -> 6 | JR68: =+JI68+1 -> 6 | JS68: =+JJ68+1 -> 6 | JV68: =+JK68+1 -> 6 | JW68: =+JL68+1 -> 7 | JX68: =+JM68+1 -> 7 | JY68: =+JN68+1 -> 7 | JZ68: =+JO68+1 -> 7 | KA68: =+JQ68+1 -> 7 | KC68: =+JR68+1 -> 7 | KD68: =+JS68+1 -> 7 | KE68: =+JV68+1 -> 7 | KF68: =+JW68+1 -> 8 | KG68: =+JX68+1 -> 8 | KH68: =+JY68+1 -> 8 | KI68: =+JZ68+1 -> 8 | KJ68: =+KA68+1 -> 8 | KK68: =+KC68+1 -> 8 | KL68: =+KD68+1 -> 8 | KM68: =+KE68+1 -> 8 | KN68: =+KF68+1 -> 9 | KO68: =+KG68+1 -> 9 | KP68: =+KH68+1 -> 9 | KQ68: =+KI68+1 -> 9 | KR68: =+KJ68+1 -> 9 | ... KU68: =+KM68+1 -> 9 | KW68: =+KN68+1 -> 10 | KX68: =+KO68+1 -> 10 | KY68: =+KP68+1 -> 10 | KZ68: =+KQ68+1 -> 10 | LA68: =+KR68+1 -> 10 | LB68: =+KS68+1 -> 10 | LC68: =+KT68+1 -> 10 | LD68: =+KU68+1 -> 10 | LE68: =+KW68+1 -> 11 | LF68: =+KX68+1 -> 11 | LG68: =+KY68+1 -> 11 | LH68: =+KZ68+1 -> 11 | LI68: =+LA68+1 -> 11 | LJ68: =+LB68+1 -> 11 | LK68: =+LC68+1 -> 11 | LL68: =+LD68+1 -> 11 | ... MC68: =+LU68+1 -> 14 | ME68: =+LV68+1 -> 14 | MF68: =+LW68+1 -> 14 | MG68: =+LX68+1 -> 14 | MH68: =+LY68+1 -> 14 | MI68: =+LZ68+1 -> 14 | MJ68: =+MA68+1 -> 14 | MK68: =+MB68+1 -> 14 | ML68: =+MC68+1 -> 15 | MM68: =+ME68+1 -> 15 | MN68: =+MF68+1 -> 15 | MO68: =+MG68+1 -> 15 | MP68: =+MH68+1 -> 15 | MQ68: =+MI68+1 -> 15 | MR68: =+MJ68+1 -> 15 | MS68: =+MK68+1 -> 15 | MT68: =+ML68+1 -> 16 | ... MW68: =+MO68+1 -> 16 | MY68: =+MP68+1 -> 16 | MZ68: =+MQ68+1 -> 16 | NA68: =+MR68+1 -> 16 | NB68: =+MS68+1 -> 16 | NC68: =+MT68+1 -> 17 | ND68: =+MU68+1 -> 17 | NE68: =+MV68+1 -> 17 | NF68: =+MW68+1 -> 17 | NG68: =+MY68+1 -> 17 | NH68: =+MZ68+1 -> 17 | NI68: =+NA68+1 -> 17 | NJ68: =+NB68+1 -> 17 | NK68: =+NC68+1 -> 18 | NL68: =+ND68+1 -> 18 | NM68: =+NE68+1 -> 18 | NN68: =+NF68+1 -> 18
A69: Inst. de mamparas | HW69: 1 | HX69: 1 | HY69: 1 | HZ69: 1 | IA69: 1 | IB69: 1 | IC69: 1 | ID69: 1 | IE69: 2 | IF69: 2 | IG69: 2 | IH69: 2 | II69: =+IC69+1 -> 2 | IJ69: =+ID69+1 -> 2 | IK69: 2 | IL69: 2 | IM69: =+IE69+1 -> 3 | IN69: =+IF69+1 -> 3 | IO69: =+IG69+1 -> 3 | IP69: =+IH69+1 -> 3 | IQ69: =+II69+1 -> 3 | IR69: =+IJ69+1 -> 3 | IS69: =+IK69+1 -> 3 | IT69: =+IL69+1 -> 3 | IU69: =+IM69+1 -> 4 | IW69: =+IN69+1 -> 4 | IX69: =+IO69+1 -> 4 | IY69: =+IP69+1 -> 4 | IZ69: =+IQ69+1 -> 4 | JA69: =+IR69+1 -> 4 | JB69: =+IS69+1 -> 4 | JC69: =+IT69+1 -> 4 | JD69: =+IU69+1 -> 5 | JE69: =+IW69+1 -> 5 | JF69: =+IX69+1 -> 5 | JG69: =+IY69+1 -> 5 | JH69: =+IZ69+1 -> 5 | JI69: =+JA69+1 -> 5 | JJ69: =+JB69+1 -> 5 | JK69: =+JC69+1 -> 5 | JL69: =+JD69+1 -> 6 | ... JO69: =+JG69+1 -> 6 | JQ69: =+JH69+1 -> 6 | JR69: =+JI69+1 -> 6 | JS69: =+JJ69+1 -> 6 | JV69: =+JK69+1 -> 6 | JW69: =+JL69+1 -> 7 | JX69: =+JM69+1 -> 7 | JY69: =+JN69+1 -> 7 | JZ69: =+JO69+1 -> 7 | KA69: =+JQ69+1 -> 7 | KC69: =+JR69+1 -> 7 | KD69: =+JS69+1 -> 7 | KE69: =+JV69+1 -> 7 | KF69: =+JW69+1 -> 8 | KG69: =+JX69+1 -> 8 | KH69: =+JY69+1 -> 8 | KI69: =+JZ69+1 -> 8 | KJ69: =+KA69+1 -> 8 | KK69: =+KC69+1 -> 8 | KL69: =+KD69+1 -> 8 | KM69: =+KE69+1 -> 8 | KN69: =+KF69+1 -> 9 | KO69: =+KG69+1 -> 9 | KP69: =+KH69+1 -> 9 | KQ69: =+KI69+1 -> 9 | KR69: =+KJ69+1 -> 9 | ... KU69: =+KM69+1 -> 9 | KW69: =+KN69+1 -> 10 | KX69: =+KO69+1 -> 10 | KY69: =+KP69+1 -> 10 | KZ69: =+KQ69+1 -> 10 | LA69: =+KR69+1 -> 10 | LB69: =+KS69+1 -> 10 | LC69: =+KT69+1 -> 10 | LD69: =+KU69+1 -> 10 | LE69: =+KW69+1 -> 11 | LF69: =+KX69+1 -> 11 | LG69: =+KY69+1 -> 11 | LH69: =+KZ69+1 -> 11 | LI69: =+LA69+1 -> 11 | LJ69: =+LB69+1 -> 11 | LK69: =+LC69+1 -> 11 | LL69: =+LD69+1 -> 11 | ... MC69: =+LU69+1 -> 14 | ME69: =+LV69+1 -> 14 | MF69: =+LW69+1 -> 14 | MG69: =+LX69+1 -> 14 | MH69: =+LY69+1 -> 14 | MI69: =+LZ69+1 -> 14 | MJ69: =+MA69+1 -> 14 | MK69: =+MB69+1 -> 14 | ML69: =+MC69+1 -> 15 | MM69: =+ME69+1 -> 15 | MN69: =+MF69+1 -> 15 | MO69: =+MG69+1 -> 15 | MP69: =+MH69+1 -> 15 | MQ69: =+MI69+1 -> 15 | MR69: =+MJ69+1 -> 15 | MS69: =+MK69+1 -> 15 | MT69: =+ML69+1 -> 16 | ... MW69: =+MO69+1 -> 16 | MY69: =+MP69+1 -> 16 | MZ69: =+MQ69+1 -> 16 | NA69: =+MR69+1 -> 16 | NB69: =+MS69+1 -> 16 | NC69: =+MT69+1 -> 17 | ND69: =+MU69+1 -> 17 | NE69: =+MV69+1 -> 17 | NF69: =+MW69+1 -> 17 | NG69: =+MY69+1 -> 17 | NH69: =+MZ69+1 -> 17 | NI69: =+NA69+1 -> 17 | NJ69: =+NB69+1 -> 17 | NK69: =+NC69+1 -> 18 | NL69: =+ND69+1 -> 18 | NM69: =+NE69+1 -> 18 | NN69: =+NF69+1 -> 18
A71: Muebles de cocina | IY71: 1 | IZ71: 1 | JA71: 1 | JB71: 1 | JC71: 1 | JD71: 1 | JE71: 1 | JF71: 1 | JG71: 2 | JH71: 2 | JI71: 2 | JJ71: 2 | JK71: =+JE71+1 -> 2 | JL71: =+JF71+1 -> 2 | JM71: 2 | JN71: 2 | JO71: =+JG71+1 -> 3 | JQ71: =+JH71+1 -> 3 | JR71: =+JI71+1 -> 3 | JS71: =+JJ71+1 -> 3 | JV71: =+JK71+1 -> 3 | JW71: =+JL71+1 -> 3 | JX71: =+JM71+1 -> 3 | JY71: =+JN71+1 -> 3 | JZ71: =+JO71+1 -> 4 | KA71: =+JQ71+1 -> 4 | KC71: =+JR71+1 -> 4 | KD71: =+JS71+1 -> 4 | KE71: =+JV71+1 -> 4 | KF71: =+JW71+1 -> 4 | KG71: =+JX71+1 -> 4 | KH71: =+JY71+1 -> 4 | KI71: =+JZ71+1 -> 5 | KJ71: =+KA71+1 -> 5 | KK71: =+KC71+1 -> 5 | KL71: =+KD71+1 -> 5 | KM71: =+KE71+1 -> 5 | KN71: =+KF71+1 -> 5 | KO71: =+KG71+1 -> 5 | KP71: =+KH71+1 -> 5 | KQ71: =+KI71+1 -> 6 | KR71: =+KJ71+1 -> 6 | ... KU71: =+KM71+1 -> 6 | KW71: =+KN71+1 -> 6 | KX71: =+KO71+1 -> 6 | KY71: =+KP71+1 -> 6 | KZ71: =+KQ71+1 -> 7 | LA71: =+KR71+1 -> 7 | LB71: =+KS71+1 -> 7 | LC71: =+KT71+1 -> 7 | LD71: =+KU71+1 -> 7 | LE71: =+KW71+1 -> 7 | LF71: =+KX71+1 -> 7 | LG71: =+KY71+1 -> 7 | LH71: =+KZ71+1 -> 8 | LI71: =+LA71+1 -> 8 | LJ71: =+LB71+1 -> 8 | LK71: =+LC71+1 -> 8 | LL71: =+LD71+1 -> 8 | ... MC71: =+LU71+1 -> 10 | ME71: =+LV71+1 -> 10 | MF71: =+LW71+1 -> 10 | MG71: =+LX71+1 -> 11 | MH71: =+LY71+1 -> 11 | MI71: =+LZ71+1 -> 11 | MJ71: =+MA71+1 -> 11 | MK71: =+MB71+1 -> 11 | ML71: =+MC71+1 -> 11 | MM71: =+ME71+1 -> 11 | MN71: =+MF71+1 -> 11 | MO71: =+MG71+1 -> 12 | MP71: =+MH71+1 -> 12 | MQ71: =+MI71+1 -> 12 | MR71: =+MJ71+1 -> 12 | MS71: =+MK71+1 -> 12 | MT71: =+ML71+1 -> 12 | ... MW71: =+MO71+1 -> 13 | MY71: =+MP71+1 -> 13 | MZ71: =+MQ71+1 -> 13 | NA71: =+MR71+1 -> 13 | NB71: =+MS71+1 -> 13 | NC71: =+MT71+1 -> 13 | ND71: =+MU71+1 -> 13 | NE71: =+MV71+1 -> 13 | NF71: =+MW71+1 -> 14 | NG71: =+MY71+1 -> 14 | NH71: =+MZ71+1 -> 14 | NI71: =+NA71+1 -> 14 | NJ71: =+NB71+1 -> 14 | NK71: =+NC71+1 -> 14 | NL71: =+ND71+1 -> 14 | NM71: =+NE71+1 -> 14 | NN71: =+NF71+1 -> 15 | ... OC71: =+NU71+1 -> 16 | OF71: =+NV71+1 -> 17 | OG71: =+NW71+1 -> 17 | OH71: =+NX71+1 -> 17 | OI71: =+NY71+1 -> 17 | OJ71: =+NZ71+1 -> 17 | OK71: =+OA71+1 -> 17 | OL71: =+OB71+1 -> 17 | OM71: =+OC71+1 -> 17 | ON71: =+OF71+1 -> 18 | OO71: =+OG71+1 -> 18 | OP71: =+OH71+1 -> 18 | OQ71: =+OI71+1 -> 18
A72: Tableros de granito | IZ72: 1 | JA72: 1 | JB72: 1 | JC72: 1 | JD72: 1 | JE72: 1 | JF72: 1 | JG72: 1 | JH72: 2 | JI72: 2 | JJ72: 2 | JK72: 2 | JL72: =+JF72+1 -> 2 | JM72: =+JG72+1 -> 2 | JN72: 2 | JO72: 2 | JQ72: =+JH72+1 -> 3 | JR72: =+JI72+1 -> 3 | JS72: =+JJ72+1 -> 3 | JV72: =+JK72+1 -> 3 | JW72: =+JL72+1 -> 3 | JX72: =+JM72+1 -> 3 | JY72: =+JN72+1 -> 3 | JZ72: =+JO72+1 -> 3 | KA72: =+JQ72+1 -> 4 | KC72: =+JR72+1 -> 4 | KD72: =+JS72+1 -> 4 | KE72: =+JV72+1 -> 4 | KF72: =+JW72+1 -> 4 | KG72: =+JX72+1 -> 4 | KH72: =+JY72+1 -> 4 | KI72: =+JZ72+1 -> 4 | KJ72: =+KA72+1 -> 5 | KK72: =+KC72+1 -> 5 | KL72: =+KD72+1 -> 5 | KM72: =+KE72+1 -> 5 | KN72: =+KF72+1 -> 5 | KO72: =+KG72+1 -> 5 | KP72: =+KH72+1 -> 5 | KQ72: =+KI72+1 -> 5 | KR72: =+KJ72+1 -> 6 | ... KU72: =+KM72+1 -> 6 | KW72: =+KN72+1 -> 6 | KX72: =+KO72+1 -> 6 | KY72: =+KP72+1 -> 6 | KZ72: =+KQ72+1 -> 6 | LA72: =+KR72+1 -> 7 | LB72: =+KS72+1 -> 7 | LC72: =+KT72+1 -> 7 | LD72: =+KU72+1 -> 7 | LE72: =+KW72+1 -> 7 | LF72: =+KX72+1 -> 7 | LG72: =+KY72+1 -> 7 | LH72: =+KZ72+1 -> 7 | LI72: =+LA72+1 -> 8 | LJ72: =+LB72+1 -> 8 | LK72: =+LC72+1 -> 8 | LL72: =+LD72+1 -> 8 | ... MC72: =+LU72+1 -> 10 | ME72: =+LV72+1 -> 10 | MF72: =+LW72+1 -> 10 | MG72: =+LX72+1 -> 10 | MH72: =+LY72+1 -> 11 | MI72: =+LZ72+1 -> 11 | MJ72: =+MA72+1 -> 11 | MK72: =+MB72+1 -> 11 | ML72: =+MC72+1 -> 11 | MM72: =+ME72+1 -> 11 | MN72: =+MF72+1 -> 11 | MO72: =+MG72+1 -> 11 | MP72: =+MH72+1 -> 12 | MQ72: =+MI72+1 -> 12 | MR72: =+MJ72+1 -> 12 | MS72: =+MK72+1 -> 12 | MT72: =+ML72+1 -> 12 | ... MW72: =+MO72+1 -> 12 | MY72: =+MP72+1 -> 13 | MZ72: =+MQ72+1 -> 13 | NA72: =+MR72+1 -> 13 | NB72: =+MS72+1 -> 13 | NC72: =+MT72+1 -> 13 | ND72: =+MU72+1 -> 13 | NE72: =+MV72+1 -> 13 | NF72: =+MW72+1 -> 13 | NG72: =+MY72+1 -> 14 | NH72: =+MZ72+1 -> 14 | NI72: =+NA72+1 -> 14 | NJ72: =+NB72+1 -> 14 | NK72: =+NC72+1 -> 14 | NL72: =+ND72+1 -> 14 | NM72: =+NE72+1 -> 14 | NN72: =+NF72+1 -> 14 | ... OC72: =+NU72+1 -> 16 | OF72: =+NV72+1 -> 16 | OG72: =+NW72+1 -> 17 | OH72: =+NX72+1 -> 17 | OI72: =+NY72+1 -> 17 | OJ72: =+NZ72+1 -> 17 | OK72: =+OA72+1 -> 17 | OL72: =+OB72+1 -> 17 | OM72: =+OC72+1 -> 17 | ON72: =+OF72+1 -> 17 | OO72: =+OG72+1 -> 18 | OP72: =+OH72+1 -> 18 | OQ72: =+OI72+1 -> 18 | OR72: =+OJ72+1 -> 18
A73: Acabado de puertas interiores | JR73: 1 | JS73: 1 | JV73: 1 | JW73: 1 | JX73: 1 | JY73: 1 | JZ73: 1 | KA73: 1 | KC73: 2 | KD73: 2 | KE73: 2 | KF73: 2 | KG73: =+JZ73+1 -> 2 | KH73: =+KA73+1 -> 2 | KI73: 2 | KJ73: 2 | KK73: =+KC73+1 -> 3 | KL73: =+KD73+1 -> 3 | KM73: =+KE73+1 -> 3 | KN73: =+KF73+1 -> 3 | KO73: =+KG73+1 -> 3 | KP73: =+KH73+1 -> 3 | KQ73: =+KI73+1 -> 3 | KR73: =+KJ73+1 -> 3 | ... KU73: =+KM73+1 -> 4 | KW73: =+KN73+1 -> 4 | KX73: =+KO73+1 -> 4 | KY73: =+KP73+1 -> 4 | KZ73: =+KQ73+1 -> 4 | LA73: =+KR73+1 -> 4 | LB73: =+KS73+1 -> 5 | LC73: =+KT73+1 -> 5 | LD73: =+KU73+1 -> 5 | LE73: =+KW73+1 -> 5 | LF73: =+KX73+1 -> 5 | LG73: =+KY73+1 -> 5 | LH73: =+KZ73+1 -> 5 | LI73: =+LA73+1 -> 5 | LJ73: =+LB73+1 -> 6 | LK73: =+LC73+1 -> 6 | LL73: =+LD73+1 -> 6 | ... MC73: =+LU73+1 -> 8 | ME73: =+LV73+1 -> 8 | MF73: =+LW73+1 -> 8 | MG73: =+LX73+1 -> 8 | MH73: =+LY73+1 -> 8 | MI73: =+LZ73+1 -> 9 | MJ73: =+MA73+1 -> 9 | MK73: =+MB73+1 -> 9 | ML73: =+MC73+1 -> 9 | MM73: =+ME73+1 -> 9 | MN73: =+MF73+1 -> 9 | MO73: =+MG73+1 -> 9 | MP73: =+MH73+1 -> 9 | MQ73: =+MI73+1 -> 10 | MR73: =+MJ73+1 -> 10 | MS73: =+MK73+1 -> 10 | MT73: =+ML73+1 -> 10 | ... MW73: =+MO73+1 -> 10 | MY73: =+MP73+1 -> 10 | MZ73: =+MQ73+1 -> 11 | NA73: =+MR73+1 -> 11 | NB73: =+MS73+1 -> 11 | NC73: =+MT73+1 -> 11 | ND73: =+MU73+1 -> 11 | NE73: =+MV73+1 -> 11 | NF73: =+MW73+1 -> 11 | NG73: =+MY73+1 -> 11 | NH73: =+MZ73+1 -> 12 | NI73: =+NA73+1 -> 12 | NJ73: =+NB73+1 -> 12 | NK73: =+NC73+1 -> 12 | NL73: =+ND73+1 -> 12 | NM73: =+NE73+1 -> 12 | NN73: =+NF73+1 -> 12 | ... OC73: =+NU73+1 -> 14 | OF73: =+NV73+1 -> 14 | OG73: =+NW73+1 -> 14 | OH73: =+NX73+1 -> 15 | OI73: =+NY73+1 -> 15 | OJ73: =+NZ73+1 -> 15 | OK73: =+OA73+1 -> 15 | OL73: =+OB73+1 -> 15 | OM73: =+OC73+1 -> 15 | ON73: =+OF73+1 -> 15 | OO73: =+OG73+1 -> 15 | OP73: =+OH73+1 -> 16 | OQ73: =+OI73+1 -> 16 | OR73: =+OJ73+1 -> 16 | OT73: =+OK73+1 -> 16 | OU73: =+OL73+1 -> 16 | OV73: =+OM73+1 -> 16 | OW73: =+ON73+1 -> 16 | OX73: =+OO73+1 -> 16 | OZ73: =+OP73+1 -> 17 | PA73: =+OQ73+1 -> 17 | PB73: =+OR73+1 -> 17 | PC73: =+OT73+1 -> 17 | PD73: =+OU73+1 -> 17 | PE73: =+OV73+1 -> 17 | PF73: =+OW73+1 -> 17 | PG73: =+OX73+1 -> 17 | PH73: =+OZ73+1 -> 18 | PI73: =+PA73+1 -> 18 | PJ73: =+PB73+1 -> 18 | PK73: =+PC73+1 -> 18
A74: Acabado de puertas principales | JR74: 1 | JS74: 1 | JV74: 1 | JW74: 1 | JX74: 1 | JY74: 1 | JZ74: 1 | KA74: 1 | KC74: 2 | KD74: 2 | KE74: 2 | KF74: 2 | KG74: =+JZ74+1 -> 2 | KH74: =+KA74+1 -> 2 | KI74: 2 | KJ74: 2 | KK74: =+KC74+1 -> 3 | KL74: =+KD74+1 -> 3 | KM74: =+KE74+1 -> 3 | KN74: =+KF74+1 -> 3 | KO74: =+KG74+1 -> 3 | KP74: =+KH74+1 -> 3 | KQ74: =+KI74+1 -> 3 | KR74: =+KJ74+1 -> 3 | ... KU74: =+KM74+1 -> 4 | KW74: =+KN74+1 -> 4 | KX74: =+KO74+1 -> 4 | KY74: =+KP74+1 -> 4 | KZ74: =+KQ74+1 -> 4 | LA74: =+KR74+1 -> 4 | LB74: =+KS74+1 -> 5 | LC74: =+KT74+1 -> 5 | LD74: =+KU74+1 -> 5 | LE74: =+KW74+1 -> 5 | LF74: =+KX74+1 -> 5 | LG74: =+KY74+1 -> 5 | LH74: =+KZ74+1 -> 5 | LI74: =+LA74+1 -> 5 | LJ74: =+LB74+1 -> 6 | LK74: =+LC74+1 -> 6 | LL74: =+LD74+1 -> 6 | ... MC74: =+LU74+1 -> 8 | ME74: =+LV74+1 -> 8 | MF74: =+LW74+1 -> 8 | MG74: =+LX74+1 -> 8 | MH74: =+LY74+1 -> 8 | MI74: =+LZ74+1 -> 9 | MJ74: =+MA74+1 -> 9 | MK74: =+MB74+1 -> 9 | ML74: =+MC74+1 -> 9 | MM74: =+ME74+1 -> 9 | MN74: =+MF74+1 -> 9 | MO74: =+MG74+1 -> 9 | MP74: =+MH74+1 -> 9 | MQ74: =+MI74+1 -> 10 | MR74: =+MJ74+1 -> 10 | MS74: =+MK74+1 -> 10 | MT74: =+ML74+1 -> 10 | ... MW74: =+MO74+1 -> 10 | MY74: =+MP74+1 -> 10 | MZ74: =+MQ74+1 -> 11 | NA74: =+MR74+1 -> 11 | NB74: =+MS74+1 -> 11 | NC74: =+MT74+1 -> 11 | ND74: =+MU74+1 -> 11 | NE74: =+MV74+1 -> 11 | NF74: =+MW74+1 -> 11 | NG74: =+MY74+1 -> 11 | NH74: =+MZ74+1 -> 12 | NI74: =+NA74+1 -> 12 | NJ74: =+NB74+1 -> 12 | NK74: =+NC74+1 -> 12 | NL74: =+ND74+1 -> 12 | NM74: =+NE74+1 -> 12 | NN74: =+NF74+1 -> 12 | ... OC74: =+NU74+1 -> 14 | OF74: =+NV74+1 -> 14 | OG74: =+NW74+1 -> 14 | OH74: =+NX74+1 -> 15 | OI74: =+NY74+1 -> 15 | OJ74: =+NZ74+1 -> 15 | OK74: =+OA74+1 -> 15 | OL74: =+OB74+1 -> 15 | OM74: =+OC74+1 -> 15 | ON74: =+OF74+1 -> 15 | OO74: =+OG74+1 -> 15 | OP74: =+OH74+1 -> 16 | OQ74: =+OI74+1 -> 16 | OR74: =+OJ74+1 -> 16 | OT74: =+OK74+1 -> 16 | OU74: =+OL74+1 -> 16 | OV74: =+OM74+1 -> 16 | OW74: =+ON74+1 -> 16 | OX74: =+OO74+1 -> 16 | OZ74: =+OP74+1 -> 17 | PA74: =+OQ74+1 -> 17 | PB74: =+OR74+1 -> 17 | PC74: =+OT74+1 -> 17 | PD74: =+OU74+1 -> 17 | PE74: =+OV74+1 -> 17 | PF74: =+OW74+1 -> 17 | PG74: =+OX74+1 -> 17 | PH74: =+OZ74+1 -> 18 | PI74: =+PA74+1 -> 18 | PJ74: =+PB74+1 -> 18 | PK74: =+PC74+1 -> 18
A76: Colocación de placas y tomacorrientes | JD76: 1 | JE76: 1 | JF76: 1 | JG76: 1 | JH76: 1 | JI76: 1 | JJ76: 1 | JK76: 1 | JL76: 2 | JM76: 2 | JN76: 2 | JO76: 2 | JQ76: =+JJ76+1 -> 2 | JR76: =+JK76+1 -> 2 | JS76: 2 | JV76: 2 | JW76: =+JL76+1 -> 3 | JX76: =+JM76+1 -> 3 | JY76: =+JN76+1 -> 3 | JZ76: =+JO76+1 -> 3 | KA76: =+JQ76+1 -> 3 | KC76: =+JR76+1 -> 3 | KD76: =+JS76+1 -> 3 | KE76: =+JV76+1 -> 3 | KF76: =+JW76+1 -> 4 | KG76: =+JX76+1 -> 4 | KH76: =+JY76+1 -> 4 | KI76: =+JZ76+1 -> 4 | KJ76: =+KA76+1 -> 4 | KK76: =+KC76+1 -> 4 | KL76: =+KD76+1 -> 4 | KM76: =+KE76+1 -> 4 | KN76: =+KF76+1 -> 5 | KO76: =+KG76+1 -> 5 | KP76: =+KH76+1 -> 5 | KQ76: =+KI76+1 -> 5 | KR76: =+KJ76+1 -> 5 | ... KU76: =+KM76+1 -> 5 | KW76: =+KN76+1 -> 6 | KX76: =+KO76+1 -> 6 | KY76: =+KP76+1 -> 6 | KZ76: =+KQ76+1 -> 6 | LA76: =+KR76+1 -> 6 | LB76: =+KS76+1 -> 6 | LC76: =+KT76+1 -> 6 | LD76: =+KU76+1 -> 6 | LE76: =+KW76+1 -> 7 | LF76: =+KX76+1 -> 7 | LG76: =+KY76+1 -> 7 | LH76: =+KZ76+1 -> 7 | LI76: =+LA76+1 -> 7 | LJ76: =+LB76+1 -> 7 | LK76: =+LC76+1 -> 7 | LL76: =+LD76+1 -> 7 | ... MC76: =+LU76+1 -> 10 | ME76: =+LV76+1 -> 10 | MF76: =+LW76+1 -> 10 | MG76: =+LX76+1 -> 10 | MH76: =+LY76+1 -> 10 | MI76: =+LZ76+1 -> 10 | MJ76: =+MA76+1 -> 10 | MK76: =+MB76+1 -> 10 | ML76: =+MC76+1 -> 11 | MM76: =+ME76+1 -> 11 | MN76: =+MF76+1 -> 11 | MO76: =+MG76+1 -> 11 | MP76: =+MH76+1 -> 11 | MQ76: =+MI76+1 -> 11 | MR76: =+MJ76+1 -> 11 | MS76: =+MK76+1 -> 11 | MT76: =+ML76+1 -> 12 | ... MW76: =+MO76+1 -> 12 | MY76: =+MP76+1 -> 12 | MZ76: =+MQ76+1 -> 12 | NA76: =+MR76+1 -> 12 | NB76: =+MS76+1 -> 12 | NC76: =+MT76+1 -> 13 | ND76: =+MU76+1 -> 13 | NE76: =+MV76+1 -> 13 | NF76: =+MW76+1 -> 13 | NG76: =+MY76+1 -> 13 | NH76: =+MZ76+1 -> 13 | NI76: =+NA76+1 -> 13 | NJ76: =+NB76+1 -> 13 | NK76: =+NC76+1 -> 14 | NL76: =+ND76+1 -> 14 | NM76: =+NE76+1 -> 14 | NN76: =+NF76+1 -> 14 | ... OC76: =+NU76+1 -> 16 | OF76: =+NV76+1 -> 16 | OG76: =+NW76+1 -> 16 | OH76: =+NX76+1 -> 16 | OI76: =+NY76+1 -> 16 | OJ76: =+NZ76+1 -> 16 | OK76: =+OA76+1 -> 17 | OL76: =+OB76+1 -> 17 | OM76: =+OC76+1 -> 17 | ON76: =+OF76+1 -> 17 | OO76: =+OG76+1 -> 17 | OP76: =+OH76+1 -> 17 | OQ76: =+OI76+1 -> 17 | OR76: =+OJ76+1 -> 17 | OT76: =+OK76+1 -> 18 | OU76: =+OL76+1 -> 18 | OV76: =+OM76+1 -> 18 | OW76: =+ON76+1 -> 18
A77: Colocación de extractores | JD77: 1 | JE77: 1 | JF77: 1 | JG77: 1 | JH77: 1 | JI77: 1 | JJ77: 1 | JK77: 1 | JL77: 2 | JM77: 2 | JN77: 2 | JO77: 2 | JQ77: =+JJ77+1 -> 2 | JR77: =+JK77+1 -> 2 | JS77: 2 | JV77: 2 | JW77: =+JL77+1 -> 3 | JX77: =+JM77+1 -> 3 | JY77: =+JN77+1 -> 3 | JZ77: =+JO77+1 -> 3 | KA77: =+JQ77+1 -> 3 | KC77: =+JR77+1 -> 3 | KD77: =+JS77+1 -> 3 | KE77: =+JV77+1 -> 3 | KF77: =+JW77+1 -> 4 | KG77: =+JX77+1 -> 4 | KH77: =+JY77+1 -> 4 | KI77: =+JZ77+1 -> 4 | KJ77: =+KA77+1 -> 4 | KK77: =+KC77+1 -> 4 | KL77: =+KD77+1 -> 4 | KM77: =+KE77+1 -> 4 | KN77: =+KF77+1 -> 5 | KO77: =+KG77+1 -> 5 | KP77: =+KH77+1 -> 5 | KQ77: =+KI77+1 -> 5 | KR77: =+KJ77+1 -> 5 | ... KU77: =+KM77+1 -> 5 | KW77: =+KN77+1 -> 6 | KX77: =+KO77+1 -> 6 | KY77: =+KP77+1 -> 6 | KZ77: =+KQ77+1 -> 6 | LA77: =+KR77+1 -> 6 | LB77: =+KS77+1 -> 6 | LC77: =+KT77+1 -> 6 | LD77: =+KU77+1 -> 6 | LE77: =+KW77+1 -> 7 | LF77: =+KX77+1 -> 7 | LG77: =+KY77+1 -> 7 | LH77: =+KZ77+1 -> 7 | LI77: =+LA77+1 -> 7 | LJ77: =+LB77+1 -> 7 | LK77: =+LC77+1 -> 7 | LL77: =+LD77+1 -> 7 | ... MC77: =+LU77+1 -> 10 | ME77: =+LV77+1 -> 10 | MF77: =+LW77+1 -> 10 | MG77: =+LX77+1 -> 10 | MH77: =+LY77+1 -> 10 | MI77: =+LZ77+1 -> 10 | MJ77: =+MA77+1 -> 10 | MK77: =+MB77+1 -> 10 | ML77: =+MC77+1 -> 11 | MM77: =+ME77+1 -> 11 | MN77: =+MF77+1 -> 11 | MO77: =+MG77+1 -> 11 | MP77: =+MH77+1 -> 11 | MQ77: =+MI77+1 -> 11 | MR77: =+MJ77+1 -> 11 | MS77: =+MK77+1 -> 11 | MT77: =+ML77+1 -> 12 | ... MW77: =+MO77+1 -> 12 | MY77: =+MP77+1 -> 12 | MZ77: =+MQ77+1 -> 12 | NA77: =+MR77+1 -> 12 | NB77: =+MS77+1 -> 12 | NC77: =+MT77+1 -> 13 | ND77: =+MU77+1 -> 13 | NE77: =+MV77+1 -> 13 | NF77: =+MW77+1 -> 13 | NG77: =+MY77+1 -> 13 | NH77: =+MZ77+1 -> 13 | NI77: =+NA77+1 -> 13 | NJ77: =+NB77+1 -> 13 | NK77: =+NC77+1 -> 14 | NL77: =+ND77+1 -> 14 | NM77: =+NE77+1 -> 14 | NN77: =+NF77+1 -> 14 | ... OC77: =+NU77+1 -> 16 | OF77: =+NV77+1 -> 16 | OG77: =+NW77+1 -> 16 | OH77: =+NX77+1 -> 16 | OI77: =+NY77+1 -> 16 | OJ77: =+NZ77+1 -> 16 | OK77: =+OA77+1 -> 17 | OL77: =+OB77+1 -> 17 | OM77: =+OC77+1 -> 17 | ON77: =+OF77+1 -> 17 | OO77: =+OG77+1 -> 17 | OP77: =+OH77+1 -> 17 | OQ77: =+OI77+1 -> 17 | OR77: =+OJ77+1 -> 17 | OT77: =+OK77+1 -> 18 | OU77: =+OL77+1 -> 18 | OV77: =+OM77+1 -> 18 | OW77: =+ON77+1 -> 18
A78: SC pintura / remasillado y segunda mano de pintura | KC78: 1 | KD78: 1 | KE78: 1 | KF78: 1 | KG78: 1 | KH78: 1 | KI78: 1 | KJ78: 1 | KK78: 2 | KL78: 2 | KM78: 2 | KN78: 2 | KO78: =+KI78+1 -> 2 | KP78: =+KJ78+1 -> 2 | KQ78: 2 | KR78: 2 | KS78: =+KK78+1 -> 3 | KT78: =+KL78+1 -> 3 | KU78: =+KM78+1 -> 3 | KW78: =+KN78+1 -> 3 | KX78: =+KO78+1 -> 3 | KY78: =+KP78+1 -> 3 | KZ78: =+KQ78+1 -> 3 | LA78: =+KR78+1 -> 3 | LB78: =+KS78+1 -> 4 | LC78: =+KT78+1 -> 4 | LD78: =+KU78+1 -> 4 | LE78: =+KW78+1 -> 4 | LF78: =+KX78+1 -> 4 | LG78: =+KY78+1 -> 4 | LH78: =+KZ78+1 -> 4 | LI78: =+LA78+1 -> 4 | LJ78: =+LB78+1 -> 5 | LK78: =+LC78+1 -> 5 | LL78: =+LD78+1 -> 5 | ... MC78: =+LU78+1 -> 7 | ME78: =+LV78+1 -> 7 | MF78: =+LW78+1 -> 7 | MG78: =+LX78+1 -> 7 | MH78: =+LY78+1 -> 7 | MI78: =+LZ78+1 -> 8 | MJ78: =+MA78+1 -> 8 | MK78: =+MB78+1 -> 8 | ML78: =+MC78+1 -> 8 | MM78: =+ME78+1 -> 8 | MN78: =+MF78+1 -> 8 | MO78: =+MG78+1 -> 8 | MP78: =+MH78+1 -> 8 | MQ78: =+MI78+1 -> 9 | MR78: =+MJ78+1 -> 9 | MS78: =+MK78+1 -> 9 | MT78: =+ML78+1 -> 9 | ... MW78: =+MO78+1 -> 9 | MY78: =+MP78+1 -> 9 | MZ78: =+MQ78+1 -> 10 | NA78: =+MR78+1 -> 10 | NB78: =+MS78+1 -> 10 | NC78: =+MT78+1 -> 10 | ND78: =+MU78+1 -> 10 | NE78: =+MV78+1 -> 10 | NF78: =+MW78+1 -> 10 | NG78: =+MY78+1 -> 10 | NH78: =+MZ78+1 -> 11 | NI78: =+NA78+1 -> 11 | NJ78: =+NB78+1 -> 11 | NK78: =+NC78+1 -> 11 | NL78: =+ND78+1 -> 11 | NM78: =+NE78+1 -> 11 | NN78: =+NF78+1 -> 11 | ... OC78: =+NU78+1 -> 13 | OF78: =+NV78+1 -> 13 | OG78: =+NW78+1 -> 13 | OH78: =+NX78+1 -> 14 | OI78: =+NY78+1 -> 14 | OJ78: =+NZ78+1 -> 14 | OK78: =+OA78+1 -> 14 | OL78: =+OB78+1 -> 14 | OM78: =+OC78+1 -> 14 | ON78: =+OF78+1 -> 14 | OO78: =+OG78+1 -> 14 | OP78: =+OH78+1 -> 15 | OQ78: =+OI78+1 -> 15 | OR78: =+OJ78+1 -> 15 | OT78: =+OK78+1 -> 15 | OU78: =+OL78+1 -> 15 | OV78: =+OM78+1 -> 15 | OW78: =+ON78+1 -> 15 | OX78: =+OO78+1 -> 15 | OZ78: =+OP78+1 -> 16 | PA78: =+OQ78+1 -> 16 | PB78: =+OR78+1 -> 16 | PC78: =+OT78+1 -> 16 | PD78: =+OU78+1 -> 16 | PE78: =+OV78+1 -> 16 | PF78: =+OW78+1 -> 16 | PG78: =+OX78+1 -> 16 | PH78: =+OZ78+1 -> 17 | PI78: =+PA78+1 -> 17 | PJ78: =+PB78+1 -> 17 | PK78: =+PC78+1 -> 17 | PL78: =+PD78+1 -> 17 | PM78: =+PE78+1 -> 17 | PN78: =+PF78+1 -> 17 | PO78: =+PG78+1 -> 17 | PP78: 18 | PQ78: 18
A79: Inst. de piso laminado | JW79: 1 | JX79: 1 | JY79: 1 | JZ79: 1 | KA79: 1 | KC79: 1 | KD79: 1 | KE79: 1 | KF79: =+JW79+1 -> 2 | KG79: =+JX79+1 -> 2 | KH79: =+JY79+1 -> 2 | KI79: =+JZ79+1 -> 2 | KJ79: =+KA79+1 -> 2 | KK79: =+KC79+1 -> 2 | KL79: =+KD79+1 -> 2 | KM79: =+KE79+1 -> 2 | KN79: =+KF79+1 -> 3 | KO79: =+KG79+1 -> 3 | KP79: =+KH79+1 -> 3 | KQ79: =+KI79+1 -> 3 | KR79: =+KJ79+1 -> 3 | ... KU79: =+KM79+1 -> 3 | KW79: =+KN79+1 -> 4 | KX79: =+KO79+1 -> 4 | KY79: =+KP79+1 -> 4 | KZ79: =+KQ79+1 -> 4 | LA79: =+KR79+1 -> 4 | LB79: =+KS79+1 -> 4 | LC79: =+KT79+1 -> 4 | LD79: =+KU79+1 -> 4 | LE79: =+KW79+1 -> 5 | LF79: =+KX79+1 -> 5 | LG79: =+KY79+1 -> 5 | LH79: =+KZ79+1 -> 5 | LI79: =+LA79+1 -> 5 | LJ79: =+LB79+1 -> 5 | LK79: =+LC79+1 -> 5 | LL79: =+LD79+1 -> 5 | ... MC79: =+LU79+1 -> 8 | ME79: =+LV79+1 -> 8 | MF79: =+LW79+1 -> 8 | MG79: =+LX79+1 -> 8 | MH79: =+LY79+1 -> 8 | MI79: =+LZ79+1 -> 8 | MJ79: =+MA79+1 -> 8 | MK79: =+MB79+1 -> 8 | ML79: =+MC79+1 -> 9 | MM79: =+ME79+1 -> 9 | MN79: =+MF79+1 -> 9 | MO79: =+MG79+1 -> 9 | MP79: =+MH79+1 -> 9 | MQ79: =+MI79+1 -> 9 | MR79: =+MJ79+1 -> 9 | MS79: =+MK79+1 -> 9 | MT79: =+ML79+1 -> 10 | ... MW79: =+MO79+1 -> 10 | MY79: =+MP79+1 -> 10 | MZ79: =+MQ79+1 -> 10 | NA79: =+MR79+1 -> 10 | NB79: =+MS79+1 -> 10 | NC79: =+MT79+1 -> 11 | ND79: =+MU79+1 -> 11 | NE79: =+MV79+1 -> 11 | NF79: =+MW79+1 -> 11 | NG79: =+MY79+1 -> 11 | NH79: =+MZ79+1 -> 11 | NI79: =+NA79+1 -> 11 | NJ79: =+NB79+1 -> 11 | NK79: =+NC79+1 -> 12 | NL79: =+ND79+1 -> 12 | NM79: =+NE79+1 -> 12 | NN79: =+NF79+1 -> 12 | ... OC79: =+NU79+1 -> 14 | OF79: =+NV79+1 -> 14 | OG79: =+NW79+1 -> 14 | OH79: =+NX79+1 -> 14 | OI79: =+NY79+1 -> 14 | OJ79: =+NZ79+1 -> 14 | OK79: =+OA79+1 -> 15 | OL79: =+OB79+1 -> 15 | OM79: =+OC79+1 -> 15 | ON79: =+OF79+1 -> 15 | OO79: =+OG79+1 -> 15 | OP79: =+OH79+1 -> 15 | OQ79: =+OI79+1 -> 15 | OR79: =+OJ79+1 -> 15 | OT79: =+OK79+1 -> 16 | OU79: =+OL79+1 -> 16 | OV79: =+OM79+1 -> 16 | OW79: =+ON79+1 -> 16 | OX79: =+OO79+1 -> 16 | OZ79: =+OP79+1 -> 16 | PA79: =+OQ79+1 -> 16 | PB79: =+OR79+1 -> 16 | PC79: =+OT79+1 -> 17 | PD79: =+OU79+1 -> 17 | PE79: =+OV79+1 -> 17 | PF79: =+OW79+1 -> 17 | PG79: =+OX79+1 -> 17 | PH79: =+OZ79+1 -> 17 | PI79: =+PA79+1 -> 17 | PJ79: =+PB79+1 -> 17
A80: Sellado y limpieza de ventanas y mamparas | KN80: 1 | KO80: 1 | KP80: 1 | KQ80: 1 | KR80: 1 | KS80: 1 | KT80: 1 | KU80: 1 | KW80: =+KN80+1 -> 2 | KX80: =+KO80+1 -> 2 | KY80: =+KP80+1 -> 2 | KZ80: =+KQ80+1 -> 2 | LA80: =+KR80+1 -> 2 | LB80: =+KS80+1 -> 2 | LC80: =+KT80+1 -> 2 | LD80: =+KU80+1 -> 2 | LE80: =+KW80+1 -> 3 | LF80: =+KX80+1 -> 3 | LG80: =+KY80+1 -> 3 | LH80: =+KZ80+1 -> 3 | LI80: =+LA80+1 -> 3 | LJ80: =+LB80+1 -> 3 | LK80: =+LC80+1 -> 3 | LL80: =+LD80+1 -> 3 | ... MC80: =+LU80+1 -> 6 | ME80: =+LV80+1 -> 6 | MF80: =+LW80+1 -> 6 | MG80: =+LX80+1 -> 6 | MH80: =+LY80+1 -> 6 | MI80: =+LZ80+1 -> 6 | MJ80: =+MA80+1 -> 6 | MK80: =+MB80+1 -> 6 | ML80: =+MC80+1 -> 7 | MM80: =+ME80+1 -> 7 | MN80: =+MF80+1 -> 7 | MO80: =+MG80+1 -> 7 | MP80: =+MH80+1 -> 7 | MQ80: =+MI80+1 -> 7 | MR80: =+MJ80+1 -> 7 | MS80: =+MK80+1 -> 7 | MT80: =+ML80+1 -> 8 | ... MW80: =+MO80+1 -> 8 | MY80: =+MP80+1 -> 8 | MZ80: =+MQ80+1 -> 8 | NA80: =+MR80+1 -> 8 | NB80: =+MS80+1 -> 8 | NC80: =+MT80+1 -> 9 | ND80: =+MU80+1 -> 9 | NE80: =+MV80+1 -> 9 | NF80: =+MW80+1 -> 9 | NG80: =+MY80+1 -> 9 | NH80: =+MZ80+1 -> 9 | NI80: =+NA80+1 -> 9 | NJ80: =+NB80+1 -> 9 | NK80: =+NC80+1 -> 10 | NL80: =+ND80+1 -> 10 | NM80: =+NE80+1 -> 10 | NN80: =+NF80+1 -> 10 | ... OC80: =+NU80+1 -> 12 | OF80: =+NV80+1 -> 12 | OG80: =+NW80+1 -> 12 | OH80: =+NX80+1 -> 12 | OI80: =+NY80+1 -> 12 | OJ80: =+NZ80+1 -> 12 | OK80: =+OA80+1 -> 13 | OL80: =+OB80+1 -> 13 | OM80: =+OC80+1 -> 13 | ON80: =+OF80+1 -> 13 | OO80: =+OG80+1 -> 13 | OP80: =+OH80+1 -> 13 | OQ80: =+OI80+1 -> 13 | OR80: =+OJ80+1 -> 13 | OT80: =+OK80+1 -> 14 | OU80: =+OL80+1 -> 14 | OV80: =+OM80+1 -> 14 | OW80: =+ON80+1 -> 14 | OX80: =+OO80+1 -> 14 | OZ80: =+OP80+1 -> 14 | PA80: =+OQ80+1 -> 14 | PB80: =+OR80+1 -> 14 | PC80: =+OT80+1 -> 15 | PD80: =+OU80+1 -> 15 | PE80: =+OV80+1 -> 15 | PF80: =+OW80+1 -> 15 | PG80: =+OX80+1 -> 15 | PH80: =+OZ80+1 -> 15 | PI80: =+PA80+1 -> 15 | PJ80: =+PB80+1 -> 15 | PK80: =+PC80+1 -> 16 | PL80: =+PD80+1 -> 16 | PM80: =+PE80+1 -> 16 | PN80: =+PF80+1 -> 16 | PO80: =+PG80+1 -> 16 | ... PZ80: =+PR80+1 -> 17
A81: Limpieza de departamentos | OT81: 6 | OU81: 12 | OV81: 18 | OW81: 24 | OX81: 30 | OZ81: =+OY81+6 -> 6 | PA81: =+OZ81+6 -> 12 | PB81: =+PA81+6 -> 18 | PC81: =+PB81+6 -> 24 | PD81: =+PC81+6 -> 30 | PE81: =+PD81+6 -> 36 | PF81: =+PE81+6 -> 42 | PG81: =+PF81+6 -> 48 | ... PY81: =+PX81+6 -> 156 | PZ81: 190
A82: Revisión de dptos | OZ82: 12 | PA82: =+OZ82+6 -> 18 | PB82: =+PA82+6 -> 24 | PC82: =+PB82+6 -> 30 | PD82: =+PC82+6 -> 36 | PE82: =+PD82+6 -> 42 | PF82: =+PE82+6 -> 48 | PG82: =+PF82+6 -> 54 | PH82: =+PG82+6 -> 60 | ... QC82: =+QB82+6 -> 186 | QD82: 190
A83: Entrega de dptos
A88: YO AGREGUE
